REGION,SETTLEMENTDATE,TOTALDEMAND,RRP,PERIODTYPE
QLD1,2020/06/01 00:30:00,5240.84,33.54,TRADE
QLD1,2020/06/01 01:00:00,5154.97,33.58,TRADE
QLD1,2020/06/01 01:30:00,5094.2,33.31,TRADE
QLD1,2020/06/01 02:00:00,5002.73,33.47,TRADE
QLD1,2020/06/01 02:30:00,4984.6,31.55,TRADE
QLD1,2020/06/01 03:00:00,4940.02,28.25,TRADE
QLD1,2020/06/01 03:30:00,4916.5,26.58,TRADE
QLD1,2020/06/01 04:00:00,4948.96,26.61,TRADE
QLD1,2020/06/01 04:30:00,5012.15,29.58,TRADE
QLD1,2020/06/01 05:00:00,5114.83,30.24,TRADE
QLD1,2020/06/01 05:30:00,5297.66,28.31,TRADE
QLD1,2020/06/01 06:00:00,5526.64,30.71,TRADE
QLD1,2020/06/01 06:30:00,5878.34,34.87,TRADE
QLD1,2020/06/01 07:00:00,6171.75,52.36,TRADE
QLD1,2020/06/01 07:30:00,6396.91,45.85,TRADE
QLD1,2020/06/01 08:00:00,6429.65,40.80,TRADE
QLD1,2020/06/01 08:30:00,6270.97,37.27,TRADE
QLD1,2020/06/01 09:00:00,6001.05,34.60,TRADE
QLD1,2020/06/01 09:30:00,5864.55,34.43,TRADE
QLD1,2020/06/01 10:00:00,5775.99,33.11,TRADE
QLD1,2020/06/01 10:30:00,5638.98,29.87,TRADE
QLD1,2020/06/01 11:00:00,5498.42,27.75,TRADE
QLD1,2020/06/01 11:30:00,5397.4,20.69,TRADE
QLD1,2020/06/01 12:00:00,5329.66,13.69,TRADE
QLD1,2020/06/01 12:30:00,5361.01,20.09,TRADE
QLD1,2020/06/01 13:00:00,5416.99,23.77,TRADE
QLD1,2020/06/01 13:30:00,5489.8,29.15,TRADE
QLD1,2020/06/01 14:00:00,5587.69,32.06,TRADE
QLD1,2020/06/01 14:30:00,5697.81,36.72,TRADE
QLD1,2020/06/01 15:00:00,5776.41,38.72,TRADE
QLD1,2020/06/01 15:30:00,5952.26,36.76,TRADE
QLD1,2020/06/01 16:00:00,6239.86,34.23,TRADE
QLD1,2020/06/01 16:30:00,6429.14,33.07,TRADE
QLD1,2020/06/01 17:00:00,6746.92,36.49,TRADE
QLD1,2020/06/01 17:30:00,7077.17,39.17,TRADE
QLD1,2020/06/01 18:00:00,7312.47,44.69,TRADE
QLD1,2020/06/01 18:30:00,7231.48,43.71,TRADE
QLD1,2020/06/01 19:00:00,7122.23,38.84,TRADE
QLD1,2020/06/01 19:30:00,6925.3,36.96,TRADE
QLD1,2020/06/01 20:00:00,6800.58,37.87,TRADE
QLD1,2020/06/01 20:30:00,6699.47,39.66,TRADE
QLD1,2020/06/01 21:00:00,6473.88,37.74,TRADE
QLD1,2020/06/01 21:30:00,6276.18,37.55,TRADE
QLD1,2020/06/01 22:00:00,6112.54,36.74,TRADE
QLD1,2020/06/01 22:30:00,6020.21,36.91,TRADE
QLD1,2020/06/01 23:00:00,5882.11,37.48,TRADE
QLD1,2020/06/01 23:30:00,5695.65,37.30,TRADE
QLD1,2020/06/02 00:00:00,5498.9,36.82,TRADE
QLD1,2020/06/02 00:30:00,5356.77,37.25,TRADE
QLD1,2020/06/02 01:00:00,5279.12,37.48,TRADE
QLD1,2020/06/02 01:30:00,5161.78,37.25,TRADE
QLD1,2020/06/02 02:00:00,5095.41,31.59,TRADE
QLD1,2020/06/02 02:30:00,5032.18,28.09,TRADE
QLD1,2020/06/02 03:00:00,5015.47,26.78,TRADE
QLD1,2020/06/02 03:30:00,5017.8,10.53,TRADE
QLD1,2020/06/02 04:00:00,5070.99,14.87,TRADE
QLD1,2020/06/02 04:30:00,5141.21,28.39,TRADE
QLD1,2020/06/02 05:00:00,5193.63,14.47,TRADE
QLD1,2020/06/02 05:30:00,5412.11,28.83,TRADE
QLD1,2020/06/02 06:00:00,5619.83,34.05,TRADE
QLD1,2020/06/02 06:30:00,5963.53,37.61,TRADE
QLD1,2020/06/02 07:00:00,6336.75,43.99,TRADE
QLD1,2020/06/02 07:30:00,6549.61,44.95,TRADE
QLD1,2020/06/02 08:00:00,6396.67,39.33,TRADE
QLD1,2020/06/02 08:30:00,6119.76,29,TRADE
QLD1,2020/06/02 09:00:00,5870.6,29.44,TRADE
QLD1,2020/06/02 09:30:00,5571.57,27.13,TRADE
QLD1,2020/06/02 10:00:00,5320.77,0.22,TRADE
QLD1,2020/06/02 10:30:00,5162.23,-5.47,TRADE
QLD1,2020/06/02 11:00:00,5009.35,-19.47,TRADE
QLD1,2020/06/02 11:30:00,4863,-40.17,TRADE
QLD1,2020/06/02 12:00:00,4826.16,-34.50,TRADE
QLD1,2020/06/02 12:30:00,4826.79,-32.75,TRADE
QLD1,2020/06/02 13:00:00,4866,-28.95,TRADE
QLD1,2020/06/02 13:30:00,4923.28,-23.79,TRADE
QLD1,2020/06/02 14:00:00,5024.23,2.89,TRADE
QLD1,2020/06/02 14:30:00,5209.99,5.07,TRADE
QLD1,2020/06/02 15:00:00,5379.61,13.31,TRADE
QLD1,2020/06/02 15:30:00,5626.55,18.09,TRADE
QLD1,2020/06/02 16:00:00,6022.39,32.35,TRADE
QLD1,2020/06/02 16:30:00,6356.99,31.97,TRADE
QLD1,2020/06/02 17:00:00,6806.58,48.40,TRADE
QLD1,2020/06/02 17:30:00,7255.98,69.28,TRADE
QLD1,2020/06/02 18:00:00,7586,67.16,TRADE
QLD1,2020/06/02 18:30:00,7644.81,69.17,TRADE
QLD1,2020/06/02 19:00:00,7595.32,49.67,TRADE
QLD1,2020/06/02 19:30:00,7399.99,44.60,TRADE
QLD1,2020/06/02 20:00:00,7298.68,39.92,TRADE
QLD1,2020/06/02 20:30:00,7152.74,38.99,TRADE
QLD1,2020/06/02 21:00:00,6973.47,37.88,TRADE
QLD1,2020/06/02 21:30:00,6714.89,37.85,TRADE
QLD1,2020/06/02 22:00:00,6541.13,36.47,TRADE
QLD1,2020/06/02 22:30:00,6358.33,36.33,TRADE
QLD1,2020/06/02 23:00:00,6162.32,35.19,TRADE
QLD1,2020/06/02 23:30:00,5963.47,35.69,TRADE
QLD1,2020/06/03 00:00:00,5708.59,34.90,TRADE
QLD1,2020/06/03 00:30:00,5561.1,36.23,TRADE
QLD1,2020/06/03 01:00:00,5397.24,34.83,TRADE
QLD1,2020/06/03 01:30:00,5303.78,35.16,TRADE
QLD1,2020/06/03 02:00:00,5260.12,34.83,TRADE
QLD1,2020/06/03 02:30:00,5220.45,34.07,TRADE
QLD1,2020/06/03 03:00:00,5206.05,31.27,TRADE
QLD1,2020/06/03 03:30:00,5238.37,33.22,TRADE
QLD1,2020/06/03 04:00:00,5258.73,27.34,TRADE
QLD1,2020/06/03 04:30:00,5330.94,30.98,TRADE
QLD1,2020/06/03 05:00:00,5432.64,30.41,TRADE
QLD1,2020/06/03 05:30:00,5672.97,33.28,TRADE
QLD1,2020/06/03 06:00:00,5919.19,35.78,TRADE
QLD1,2020/06/03 06:30:00,6392.18,39.51,TRADE
QLD1,2020/06/03 07:00:00,6782.61,104.87,TRADE
QLD1,2020/06/03 07:30:00,7109.87,54.60,TRADE
QLD1,2020/06/03 08:00:00,6937.75,43.78,TRADE
QLD1,2020/06/03 08:30:00,6574.84,35.40,TRADE
QLD1,2020/06/03 09:00:00,6190.6,34.15,TRADE
QLD1,2020/06/03 09:30:00,5856.85,36.14,TRADE
QLD1,2020/06/03 10:00:00,5534.13,32.16,TRADE
QLD1,2020/06/03 10:30:00,5310.55,27.70,TRADE
QLD1,2020/06/03 11:00:00,5087.57,-0.17,TRADE
QLD1,2020/06/03 11:30:00,4976.43,-8.16,TRADE
QLD1,2020/06/03 12:00:00,4872.78,-21.77,TRADE
QLD1,2020/06/03 12:30:00,4839.67,-12.11,TRADE
QLD1,2020/06/03 13:00:00,4884.39,0.11,TRADE
QLD1,2020/06/03 13:30:00,4964.68,23.50,TRADE
QLD1,2020/06/03 14:00:00,5078.2,23.46,TRADE
QLD1,2020/06/03 14:30:00,5249.66,5.68,TRADE
QLD1,2020/06/03 15:00:00,5440.54,23.22,TRADE
QLD1,2020/06/03 15:30:00,5704.49,25.44,TRADE
QLD1,2020/06/03 16:00:00,6032.75,35.04,TRADE
QLD1,2020/06/03 16:30:00,6387.42,36.12,TRADE
QLD1,2020/06/03 17:00:00,6769.02,59.83,TRADE
QLD1,2020/06/03 17:30:00,7195.76,67.07,TRADE
QLD1,2020/06/03 18:00:00,7479.8,136.21,TRADE
QLD1,2020/06/03 18:30:00,7492.68,78.38,TRADE
QLD1,2020/06/03 19:00:00,7522.27,58.67,TRADE
QLD1,2020/06/03 19:30:00,7355.08,47.91,TRADE
QLD1,2020/06/03 20:00:00,7269.44,45.19,TRADE
QLD1,2020/06/03 20:30:00,7196.9,45.81,TRADE
QLD1,2020/06/03 21:00:00,6967.35,45.01,TRADE
QLD1,2020/06/03 21:30:00,6721.55,37.91,TRADE
QLD1,2020/06/03 22:00:00,6488.55,37.61,TRADE
QLD1,2020/06/03 22:30:00,6309.62,37.66,TRADE
QLD1,2020/06/03 23:00:00,6144.67,36.85,TRADE
QLD1,2020/06/03 23:30:00,5964.78,36.73,TRADE
QLD1,2020/06/04 00:00:00,5708.87,36.14,TRADE
QLD1,2020/06/04 00:30:00,5556.55,37.45,TRADE
QLD1,2020/06/04 01:00:00,5420,37.82,TRADE
QLD1,2020/06/04 01:30:00,5326.29,36.86,TRADE
QLD1,2020/06/04 02:00:00,5274.73,36.56,TRADE
QLD1,2020/06/04 02:30:00,5217.26,37.11,TRADE
QLD1,2020/06/04 03:00:00,5190.02,35.96,TRADE
QLD1,2020/06/04 03:30:00,5220.71,33.61,TRADE
QLD1,2020/06/04 04:00:00,5227.05,32.23,TRADE
QLD1,2020/06/04 04:30:00,5324.97,30.59,TRADE
QLD1,2020/06/04 05:00:00,5396,31.73,TRADE
QLD1,2020/06/04 05:30:00,5643.34,36.96,TRADE
QLD1,2020/06/04 06:00:00,5928.59,37.20,TRADE
QLD1,2020/06/04 06:30:00,6376.24,36.86,TRADE
QLD1,2020/06/04 07:00:00,6768.32,48.36,TRADE
QLD1,2020/06/04 07:30:00,7055.88,47.49,TRADE
QLD1,2020/06/04 08:00:00,6945.91,43.24,TRADE
QLD1,2020/06/04 08:30:00,6600.85,33.13,TRADE
QLD1,2020/06/04 09:00:00,6238.23,31.24,TRADE
QLD1,2020/06/04 09:30:00,5871.15,33.87,TRADE
QLD1,2020/06/04 10:00:00,5599.08,22.54,TRADE
QLD1,2020/06/04 10:30:00,5378.51,1.44,TRADE
QLD1,2020/06/04 11:00:00,5286.44,15.97,TRADE
QLD1,2020/06/04 11:30:00,5253.64,25.65,TRADE
QLD1,2020/06/04 12:00:00,5276.92,27.57,TRADE
QLD1,2020/06/04 12:30:00,5357.39,30.04,TRADE
QLD1,2020/06/04 13:00:00,5386.82,29.71,TRADE
QLD1,2020/06/04 13:30:00,5442.69,31.41,TRADE
QLD1,2020/06/04 14:00:00,5545.32,36.75,TRADE
QLD1,2020/06/04 14:30:00,5654.93,36.35,TRADE
QLD1,2020/06/04 15:00:00,5818.46,35.21,TRADE
QLD1,2020/06/04 15:30:00,5948.01,36.92,TRADE
QLD1,2020/06/04 16:00:00,6202.49,38.50,TRADE
QLD1,2020/06/04 16:30:00,6475.79,36.12,TRADE
QLD1,2020/06/04 17:00:00,6833.67,44.19,TRADE
QLD1,2020/06/04 17:30:00,7195.03,55.60,TRADE
QLD1,2020/06/04 18:00:00,7505.97,170.53,TRADE
QLD1,2020/06/04 18:30:00,7497.4,160.14,TRADE
QLD1,2020/06/04 19:00:00,7496.26,66.25,TRADE
QLD1,2020/06/04 19:30:00,7360.73,52.97,TRADE
QLD1,2020/06/04 20:00:00,7245.64,46.57,TRADE
QLD1,2020/06/04 20:30:00,7157.16,48.62,TRADE
QLD1,2020/06/04 21:00:00,6938.44,47.28,TRADE
QLD1,2020/06/04 21:30:00,6714.06,45.78,TRADE
QLD1,2020/06/04 22:00:00,6493.63,44.05,TRADE
QLD1,2020/06/04 22:30:00,6319.73,45.21,TRADE
QLD1,2020/06/04 23:00:00,6156.18,40.75,TRADE
QLD1,2020/06/04 23:30:00,5939.35,38.01,TRADE
QLD1,2020/06/05 00:00:00,5691.22,36.26,TRADE
QLD1,2020/06/05 00:30:00,5587.65,37.25,TRADE
QLD1,2020/06/05 01:00:00,5425.63,36.35,TRADE
QLD1,2020/06/05 01:30:00,5319.97,38.03,TRADE
QLD1,2020/06/05 02:00:00,5248.71,36.65,TRADE
QLD1,2020/06/05 02:30:00,5196.72,37.11,TRADE
QLD1,2020/06/05 03:00:00,5173.6,37.11,TRADE
QLD1,2020/06/05 03:30:00,5192.01,37.73,TRADE
QLD1,2020/06/05 04:00:00,5202.48,37.44,TRADE
QLD1,2020/06/05 04:30:00,5253.06,38.22,TRADE
QLD1,2020/06/05 05:00:00,5374.07,37.51,TRADE
QLD1,2020/06/05 05:30:00,5596.13,37.75,TRADE
QLD1,2020/06/05 06:00:00,5830.21,39.86,TRADE
QLD1,2020/06/05 06:30:00,6222.56,43.34,TRADE
QLD1,2020/06/05 07:00:00,6571.09,122.78,TRADE
QLD1,2020/06/05 07:30:00,6853.16,56.96,TRADE
QLD1,2020/06/05 08:00:00,6802.51,148.43,TRADE
QLD1,2020/06/05 08:30:00,6504.8,51.29,TRADE
QLD1,2020/06/05 09:00:00,6163.32,37.62,TRADE
QLD1,2020/06/05 09:30:00,5927.39,33.96,TRADE
QLD1,2020/06/05 10:00:00,5677.57,28.15,TRADE
QLD1,2020/06/05 10:30:00,5495.72,27.32,TRADE
QLD1,2020/06/05 11:00:00,5386.11,26.73,TRADE
QLD1,2020/06/05 11:30:00,5325.82,24.69,TRADE
QLD1,2020/06/05 12:00:00,5313.3,22.03,TRADE
QLD1,2020/06/05 12:30:00,5338.8,25.39,TRADE
QLD1,2020/06/05 13:00:00,5406.46,21.64,TRADE
QLD1,2020/06/05 13:30:00,5448.94,29.28,TRADE
QLD1,2020/06/05 14:00:00,5490.04,31.86,TRADE
QLD1,2020/06/05 14:30:00,5593.09,34.11,TRADE
QLD1,2020/06/05 15:00:00,5677.4,36.28,TRADE
QLD1,2020/06/05 15:30:00,5840.77,35.87,TRADE
QLD1,2020/06/05 16:00:00,6066.89,38.69,TRADE
QLD1,2020/06/05 16:30:00,6337.41,37.55,TRADE
QLD1,2020/06/05 17:00:00,6661.43,50.08,TRADE
QLD1,2020/06/05 17:30:00,6880.33,88.78,TRADE
QLD1,2020/06/05 18:00:00,7085.03,144.17,TRADE
QLD1,2020/06/05 18:30:00,7055.07,69.45,TRADE
QLD1,2020/06/05 19:00:00,7026.59,53.28,TRADE
QLD1,2020/06/05 19:30:00,6910.69,50.49,TRADE
QLD1,2020/06/05 20:00:00,6854.25,44.72,TRADE
QLD1,2020/06/05 20:30:00,6781.52,49.87,TRADE
QLD1,2020/06/05 21:00:00,6588.66,47.49,TRADE
QLD1,2020/06/05 21:30:00,6471.56,42.69,TRADE
QLD1,2020/06/05 22:00:00,6257.12,38.50,TRADE
QLD1,2020/06/05 22:30:00,6204.95,53.34,TRADE
QLD1,2020/06/05 23:00:00,6041.89,42.04,TRADE
QLD1,2020/06/05 23:30:00,5915.84,40.77,TRADE
QLD1,2020/06/06 00:00:00,5698.43,38.27,TRADE
QLD1,2020/06/06 00:30:00,5549.96,41.13,TRADE
QLD1,2020/06/06 01:00:00,5386.55,39.58,TRADE
QLD1,2020/06/06 01:30:00,5265.02,37.96,TRADE
QLD1,2020/06/06 02:00:00,5187.69,38.22,TRADE
QLD1,2020/06/06 02:30:00,5135.32,39.03,TRADE
QLD1,2020/06/06 03:00:00,5128.71,38.66,TRADE
QLD1,2020/06/06 03:30:00,5086.17,37.75,TRADE
QLD1,2020/06/06 04:00:00,5101.78,37.39,TRADE
QLD1,2020/06/06 04:30:00,5121.79,37.50,TRADE
QLD1,2020/06/06 05:00:00,5183.16,37.80,TRADE
QLD1,2020/06/06 05:30:00,5272.04,38.03,TRADE
QLD1,2020/06/06 06:00:00,5362.61,38.92,TRADE
QLD1,2020/06/06 06:30:00,5533.54,37.44,TRADE
QLD1,2020/06/06 07:00:00,5687.98,40.68,TRADE
QLD1,2020/06/06 07:30:00,5898.16,42.62,TRADE
QLD1,2020/06/06 08:00:00,5877.07,38.39,TRADE
QLD1,2020/06/06 08:30:00,5781.56,34.67,TRADE
QLD1,2020/06/06 09:00:00,5653.19,30.29,TRADE
QLD1,2020/06/06 09:30:00,5445.25,32.21,TRADE
QLD1,2020/06/06 10:00:00,5225.88,19.70,TRADE
QLD1,2020/06/06 10:30:00,5026.08,14.56,TRADE
QLD1,2020/06/06 11:00:00,4886.69,1.70,TRADE
QLD1,2020/06/06 11:30:00,4746.52,6.24,TRADE
QLD1,2020/06/06 12:00:00,4669.12,4.70,TRADE
QLD1,2020/06/06 12:30:00,4666.44,22.24,TRADE
QLD1,2020/06/06 13:00:00,4674.27,24.55,TRADE
QLD1,2020/06/06 13:30:00,4675.33,19.30,TRADE
QLD1,2020/06/06 14:00:00,4778.6,24.80,TRADE
QLD1,2020/06/06 14:30:00,4942.77,14.58,TRADE
QLD1,2020/06/06 15:00:00,5149.36,26.30,TRADE
QLD1,2020/06/06 15:30:00,5384.18,33.37,TRADE
QLD1,2020/06/06 16:00:00,5657.02,35.98,TRADE
QLD1,2020/06/06 16:30:00,5947.08,37.61,TRADE
QLD1,2020/06/06 17:00:00,6247.33,44.99,TRADE
QLD1,2020/06/06 17:30:00,6569.41,48.42,TRADE
QLD1,2020/06/06 18:00:00,6801.18,52.35,TRADE
QLD1,2020/06/06 18:30:00,6771.59,50.21,TRADE
QLD1,2020/06/06 19:00:00,6715.49,46.14,TRADE
QLD1,2020/06/06 19:30:00,6626.09,46.14,TRADE
QLD1,2020/06/06 20:00:00,6603.58,44.07,TRADE
QLD1,2020/06/06 20:30:00,6539.91,46.45,TRADE
QLD1,2020/06/06 21:00:00,6326.33,46.82,TRADE
QLD1,2020/06/06 21:30:00,6207.93,41.83,TRADE
QLD1,2020/06/06 22:00:00,6102.62,44.71,TRADE
QLD1,2020/06/06 22:30:00,6057.35,46.57,TRADE
QLD1,2020/06/06 23:00:00,5945.94,40.41,TRADE
QLD1,2020/06/06 23:30:00,5746.63,37.95,TRADE
QLD1,2020/06/07 00:00:00,5546.8,37.59,TRADE
QLD1,2020/06/07 00:30:00,5414.44,39.04,TRADE
QLD1,2020/06/07 01:00:00,5341.13,42.55,TRADE
QLD1,2020/06/07 01:30:00,5249.59,41.05,TRADE
QLD1,2020/06/07 02:00:00,5150.18,38.01,TRADE
QLD1,2020/06/07 02:30:00,5092.86,39.10,TRADE
QLD1,2020/06/07 03:00:00,5021.58,36.36,TRADE
QLD1,2020/06/07 03:30:00,5042.08,36.33,TRADE
QLD1,2020/06/07 04:00:00,5043.77,36.35,TRADE
QLD1,2020/06/07 04:30:00,5075.67,36.86,TRADE
QLD1,2020/06/07 05:00:00,5061.59,36.83,TRADE
QLD1,2020/06/07 05:30:00,5152.24,37.46,TRADE
QLD1,2020/06/07 06:00:00,5202.84,34.38,TRADE
QLD1,2020/06/07 06:30:00,5316.99,35.88,TRADE
QLD1,2020/06/07 07:00:00,5459.42,37.25,TRADE
QLD1,2020/06/07 07:30:00,5658.3,41.81,TRADE
QLD1,2020/06/07 08:00:00,5677.58,38.27,TRADE
QLD1,2020/06/07 08:30:00,5714,38.48,TRADE
QLD1,2020/06/07 09:00:00,5641.19,37.83,TRADE
QLD1,2020/06/07 09:30:00,5496.73,40.62,TRADE
QLD1,2020/06/07 10:00:00,5345.77,38.30,TRADE
QLD1,2020/06/07 10:30:00,5245.75,38.34,TRADE
QLD1,2020/06/07 11:00:00,5187.79,34.70,TRADE
QLD1,2020/06/07 11:30:00,5158.79,34.83,TRADE
QLD1,2020/06/07 12:00:00,5120.84,33.97,TRADE
QLD1,2020/06/07 12:30:00,5178.13,35.12,TRADE
QLD1,2020/06/07 13:00:00,5175.39,36.17,TRADE
QLD1,2020/06/07 13:30:00,5144.19,37.25,TRADE
QLD1,2020/06/07 14:00:00,5224.78,49.66,TRADE
QLD1,2020/06/07 14:30:00,5362.87,43.18,TRADE
QLD1,2020/06/07 15:00:00,5537.5,41.21,TRADE
QLD1,2020/06/07 15:30:00,5640.41,51.62,TRADE
QLD1,2020/06/07 16:00:00,5816.05,55.41,TRADE
QLD1,2020/06/07 16:30:00,6078.87,51.97,TRADE
QLD1,2020/06/07 17:00:00,6448.51,98.98,TRADE
QLD1,2020/06/07 17:30:00,6821.28,150.62,TRADE
QLD1,2020/06/07 18:00:00,7041.14,79.74,TRADE
QLD1,2020/06/07 18:30:00,7029.76,81.01,TRADE
QLD1,2020/06/07 19:00:00,7002.89,61.07,TRADE
QLD1,2020/06/07 19:30:00,6822.54,55.81,TRADE
QLD1,2020/06/07 20:00:00,6746.19,48.58,TRADE
QLD1,2020/06/07 20:30:00,6623.15,46.28,TRADE
QLD1,2020/06/07 21:00:00,6443.29,46.50,TRADE
QLD1,2020/06/07 21:30:00,6302.66,48.32,TRADE
QLD1,2020/06/07 22:00:00,6115.86,47.17,TRADE
QLD1,2020/06/07 22:30:00,6022.15,45.98,TRADE
QLD1,2020/06/07 23:00:00,5970.08,42.76,TRADE
QLD1,2020/06/07 23:30:00,5758.02,42.08,TRADE
QLD1,2020/06/08 00:00:00,5577.72,39.22,TRADE
QLD1,2020/06/08 00:30:00,5455.76,41.84,TRADE
QLD1,2020/06/08 01:00:00,5325.66,40.48,TRADE
QLD1,2020/06/08 01:30:00,5199.32,39.52,TRADE
QLD1,2020/06/08 02:00:00,5120.56,43.12,TRADE
QLD1,2020/06/08 02:30:00,5106.96,43.04,TRADE
QLD1,2020/06/08 03:00:00,5062.85,43.89,TRADE
QLD1,2020/06/08 03:30:00,5057.99,42.74,TRADE
QLD1,2020/06/08 04:00:00,5048.16,39.32,TRADE
QLD1,2020/06/08 04:30:00,5162.96,43.82,TRADE
QLD1,2020/06/08 05:00:00,5287.49,45.69,TRADE
QLD1,2020/06/08 05:30:00,5495.12,46.14,TRADE
QLD1,2020/06/08 06:00:00,5682.02,44.55,TRADE
QLD1,2020/06/08 06:30:00,6057.25,43.74,TRADE
QLD1,2020/06/08 07:00:00,6473.38,48.82,TRADE
QLD1,2020/06/08 07:30:00,6796.11,47.37,TRADE
QLD1,2020/06/08 08:00:00,6744.94,46.22,TRADE
QLD1,2020/06/08 08:30:00,6456.12,44.44,TRADE
QLD1,2020/06/08 09:00:00,6115.61,41.30,TRADE
QLD1,2020/06/08 09:30:00,5863.96,40.19,TRADE
QLD1,2020/06/08 10:00:00,5620.1,36.60,TRADE
QLD1,2020/06/08 10:30:00,5493.72,35.57,TRADE
QLD1,2020/06/08 11:00:00,5371.15,32.10,TRADE
QLD1,2020/06/08 11:30:00,5300.18,35.75,TRADE
QLD1,2020/06/08 12:00:00,5377.05,35.06,TRADE
QLD1,2020/06/08 12:30:00,5413,34.17,TRADE
QLD1,2020/06/08 13:00:00,5511.42,36.34,TRADE
QLD1,2020/06/08 13:30:00,5487.18,37.85,TRADE
QLD1,2020/06/08 14:00:00,5501.77,37.88,TRADE
QLD1,2020/06/08 14:30:00,5655.88,39.16,TRADE
QLD1,2020/06/08 15:00:00,5813.31,42.84,TRADE
QLD1,2020/06/08 15:30:00,6025.26,43.58,TRADE
QLD1,2020/06/08 16:00:00,6260.1,52.34,TRADE
QLD1,2020/06/08 16:30:00,6494.99,85.07,TRADE
QLD1,2020/06/08 17:00:00,6877.14,132.72,TRADE
QLD1,2020/06/08 17:30:00,7228.4,187.90,TRADE
QLD1,2020/06/08 18:00:00,7500.09,237.15,TRADE
QLD1,2020/06/08 18:30:00,7488.35,82.99,TRADE
QLD1,2020/06/08 19:00:00,7448.07,80.33,TRADE
QLD1,2020/06/08 19:30:00,7266.33,59.99,TRADE
QLD1,2020/06/08 20:00:00,7174.38,55.92,TRADE
QLD1,2020/06/08 20:30:00,7056.43,55.57,TRADE
QLD1,2020/06/08 21:00:00,6861.44,72.98,TRADE
QLD1,2020/06/08 21:30:00,6663.28,61.06,TRADE
QLD1,2020/06/08 22:00:00,6456.95,51.40,TRADE
QLD1,2020/06/08 22:30:00,6321.93,46.88,TRADE
QLD1,2020/06/08 23:00:00,6172.81,40.81,TRADE
QLD1,2020/06/08 23:30:00,5979.74,42.57,TRADE
QLD1,2020/06/09 00:00:00,5775.64,41.35,TRADE
QLD1,2020/06/09 00:30:00,5559.49,38.31,TRADE
QLD1,2020/06/09 01:00:00,5447.44,42.20,TRADE
QLD1,2020/06/09 01:30:00,5342.28,39.37,TRADE
QLD1,2020/06/09 02:00:00,5229.51,40.49,TRADE
QLD1,2020/06/09 02:30:00,5207.6,37.94,TRADE
QLD1,2020/06/09 03:00:00,5176.86,38.35,TRADE
QLD1,2020/06/09 03:30:00,5156.51,36.42,TRADE
QLD1,2020/06/09 04:00:00,5189.69,37.86,TRADE
QLD1,2020/06/09 04:30:00,5267.47,37.79,TRADE
QLD1,2020/06/09 05:00:00,5376.23,39.89,TRADE
QLD1,2020/06/09 05:30:00,5596.06,43.44,TRADE
QLD1,2020/06/09 06:00:00,5833.23,42.22,TRADE
QLD1,2020/06/09 06:30:00,6246.13,54.75,TRADE
QLD1,2020/06/09 07:00:00,6686.09,100.10,TRADE
QLD1,2020/06/09 07:30:00,7006.3,94.22,TRADE
QLD1,2020/06/09 08:00:00,6941.97,43.74,TRADE
QLD1,2020/06/09 08:30:00,6694.02,37.49,TRADE
QLD1,2020/06/09 09:00:00,6273.29,29.19,TRADE
QLD1,2020/06/09 09:30:00,5935.84,21.44,TRADE
QLD1,2020/06/09 10:00:00,5651.76,3.70,TRADE
QLD1,2020/06/09 10:30:00,5412.71,0.27,TRADE
QLD1,2020/06/09 11:00:00,5228.85,-22.09,TRADE
QLD1,2020/06/09 11:30:00,5161.8,3.28,TRADE
QLD1,2020/06/09 12:00:00,5253.71,14.77,TRADE
QLD1,2020/06/09 12:30:00,5364.82,19.32,TRADE
QLD1,2020/06/09 13:00:00,5434.5,15.86,TRADE
QLD1,2020/06/09 13:30:00,5450.6,19.01,TRADE
QLD1,2020/06/09 14:00:00,5483.15,20.21,TRADE
QLD1,2020/06/09 14:30:00,5530.2,25.78,TRADE
QLD1,2020/06/09 15:00:00,5698.03,25.46,TRADE
QLD1,2020/06/09 15:30:00,5857.88,38.91,TRADE
QLD1,2020/06/09 16:00:00,6147.24,49.80,TRADE
QLD1,2020/06/09 16:30:00,6460.84,47,TRADE
QLD1,2020/06/09 17:00:00,6824.06,78.70,TRADE
QLD1,2020/06/09 17:30:00,7158.87,68.92,TRADE
QLD1,2020/06/09 18:00:00,7412.72,837.33,TRADE
QLD1,2020/06/09 18:30:00,7326.44,46.24,TRADE
QLD1,2020/06/09 19:00:00,7254.53,44.45,TRADE
QLD1,2020/06/09 19:30:00,7106.81,41.55,TRADE
QLD1,2020/06/09 20:00:00,7036.16,52.51,TRADE
QLD1,2020/06/09 20:30:00,6942.86,47.81,TRADE
QLD1,2020/06/09 21:00:00,6709.8,45.08,TRADE
QLD1,2020/06/09 21:30:00,6470.59,46.33,TRADE
QLD1,2020/06/09 22:00:00,6261.81,42.55,TRADE
QLD1,2020/06/09 22:30:00,6134.95,46.01,TRADE
QLD1,2020/06/09 23:00:00,5963.78,40.22,TRADE
QLD1,2020/06/09 23:30:00,5782.03,38.30,TRADE
QLD1,2020/06/10 00:00:00,5565.4,37.86,TRADE
QLD1,2020/06/10 00:30:00,5442.12,38.26,TRADE
QLD1,2020/06/10 01:00:00,5325.6,39.18,TRADE
QLD1,2020/06/10 01:30:00,5244.28,39.49,TRADE
QLD1,2020/06/10 02:00:00,5178.37,38.39,TRADE
QLD1,2020/06/10 02:30:00,5139.2,39.63,TRADE
QLD1,2020/06/10 03:00:00,5139.41,38.74,TRADE
QLD1,2020/06/10 03:30:00,5096.1,38.21,TRADE
QLD1,2020/06/10 04:00:00,5109.93,37.90,TRADE
QLD1,2020/06/10 04:30:00,5166.6,37.81,TRADE
QLD1,2020/06/10 05:00:00,5269.16,35.95,TRADE
QLD1,2020/06/10 05:30:00,5519.43,41.77,TRADE
QLD1,2020/06/10 06:00:00,5738.36,37.47,TRADE
QLD1,2020/06/10 06:30:00,6129.18,45.09,TRADE
QLD1,2020/06/10 07:00:00,6397.89,50.52,TRADE
QLD1,2020/06/10 07:30:00,6719.46,79.15,TRADE
QLD1,2020/06/10 08:00:00,6733.88,61.60,TRADE
QLD1,2020/06/10 08:30:00,6497.28,38.91,TRADE
QLD1,2020/06/10 09:00:00,6302.52,37.15,TRADE
QLD1,2020/06/10 09:30:00,6168.49,46.30,TRADE
QLD1,2020/06/10 10:00:00,5969,22.33,TRADE
QLD1,2020/06/10 10:30:00,5745.39,23.59,TRADE
QLD1,2020/06/10 11:00:00,5653.75,30.70,TRADE
QLD1,2020/06/10 11:30:00,5681,31.14,TRADE
QLD1,2020/06/10 12:00:00,5678.01,37.13,TRADE
QLD1,2020/06/10 12:30:00,5719.48,30.40,TRADE
QLD1,2020/06/10 13:00:00,5749,35.90,TRADE
QLD1,2020/06/10 13:30:00,5785.74,42.79,TRADE
QLD1,2020/06/10 14:00:00,5872.44,47,TRADE
QLD1,2020/06/10 14:30:00,5988.42,47.58,TRADE
QLD1,2020/06/10 15:00:00,6067.03,47.75,TRADE
QLD1,2020/06/10 15:30:00,6169.11,53.73,TRADE
QLD1,2020/06/10 16:00:00,6403.25,62.61,TRADE
QLD1,2020/06/10 16:30:00,6564.44,45.82,TRADE
QLD1,2020/06/10 17:00:00,6841.24,46.90,TRADE
QLD1,2020/06/10 17:30:00,7146.19,59.56,TRADE
QLD1,2020/06/10 18:00:00,7385.57,43.22,TRADE
QLD1,2020/06/10 18:30:00,7345.45,38.72,TRADE
QLD1,2020/06/10 19:00:00,7255.89,46.66,TRADE
QLD1,2020/06/10 19:30:00,7125.72,43.50,TRADE
QLD1,2020/06/10 20:00:00,6968.85,46.28,TRADE
QLD1,2020/06/10 20:30:00,6853.62,50.99,TRADE
QLD1,2020/06/10 21:00:00,6653.65,53.97,TRADE
QLD1,2020/06/10 21:30:00,6470.54,45.74,TRADE
QLD1,2020/06/10 22:00:00,6271.76,44.70,TRADE
QLD1,2020/06/10 22:30:00,6157.73,46.69,TRADE
QLD1,2020/06/10 23:00:00,6028.34,44.22,TRADE
QLD1,2020/06/10 23:30:00,5828.85,40.51,TRADE
QLD1,2020/06/11 00:00:00,5596.12,39.67,TRADE
QLD1,2020/06/11 00:30:00,5442.08,45.72,TRADE
QLD1,2020/06/11 01:00:00,5294.78,45.79,TRADE
QLD1,2020/06/11 01:30:00,5217.97,46.88,TRADE
QLD1,2020/06/11 02:00:00,5150.55,46.07,TRADE
QLD1,2020/06/11 02:30:00,5060.3,42.11,TRADE
QLD1,2020/06/11 03:00:00,5056.48,42.56,TRADE
QLD1,2020/06/11 03:30:00,5059.97,41.61,TRADE
QLD1,2020/06/11 04:00:00,5090.94,38.51,TRADE
QLD1,2020/06/11 04:30:00,5173.92,39.19,TRADE
QLD1,2020/06/11 05:00:00,5277.3,39.71,TRADE
QLD1,2020/06/11 05:30:00,5482.92,43.83,TRADE
QLD1,2020/06/11 06:00:00,5661.16,42.76,TRADE
QLD1,2020/06/11 06:30:00,6026.18,42.53,TRADE
QLD1,2020/06/11 07:00:00,6307.57,37.84,TRADE
QLD1,2020/06/11 07:30:00,6553.97,56,TRADE
QLD1,2020/06/11 08:00:00,6530.47,50.05,TRADE
QLD1,2020/06/11 08:30:00,6331.87,36.99,TRADE
QLD1,2020/06/11 09:00:00,6088.27,28.25,TRADE
QLD1,2020/06/11 09:30:00,5901.44,30.51,TRADE
QLD1,2020/06/11 10:00:00,5760.99,22.69,TRADE
QLD1,2020/06/11 10:30:00,5596.53,19.52,TRADE
QLD1,2020/06/11 11:00:00,5483.13,3.43,TRADE
QLD1,2020/06/11 11:30:00,5377.26,0.01,TRADE
QLD1,2020/06/11 12:00:00,5325.84,3.06,TRADE
QLD1,2020/06/11 12:30:00,5324.22,-1.61,TRADE
QLD1,2020/06/11 13:00:00,5391.38,14.02,TRADE
QLD1,2020/06/11 13:30:00,5462.48,22.83,TRADE
QLD1,2020/06/11 14:00:00,5643.25,30.20,TRADE
QLD1,2020/06/11 14:30:00,5802.07,33.02,TRADE
QLD1,2020/06/11 15:00:00,5930.51,32.46,TRADE
QLD1,2020/06/11 15:30:00,6132.11,29.72,TRADE
QLD1,2020/06/11 16:00:00,6335.89,38.53,TRADE
QLD1,2020/06/11 16:30:00,6531.87,40.06,TRADE
QLD1,2020/06/11 17:00:00,6781.82,67.62,TRADE
QLD1,2020/06/11 17:30:00,7078.54,60.58,TRADE
QLD1,2020/06/11 18:00:00,7298.75,102.99,TRADE
QLD1,2020/06/11 18:30:00,7267.54,59.72,TRADE
QLD1,2020/06/11 19:00:00,7209.78,51.42,TRADE
QLD1,2020/06/11 19:30:00,6982.87,46.96,TRADE
QLD1,2020/06/11 20:00:00,6909.39,47.26,TRADE
QLD1,2020/06/11 20:30:00,6828.26,41.26,TRADE
QLD1,2020/06/11 21:00:00,6600.87,38.76,TRADE
QLD1,2020/06/11 21:30:00,6407.55,40.71,TRADE
QLD1,2020/06/11 22:00:00,6214.53,37.93,TRADE
QLD1,2020/06/11 22:30:00,6098.88,37.97,TRADE
QLD1,2020/06/11 23:00:00,5975.73,36.93,TRADE
QLD1,2020/06/11 23:30:00,5762.59,34.68,TRADE
QLD1,2020/06/12 00:00:00,5545.23,35.70,TRADE
QLD1,2020/06/12 00:30:00,5414.38,36.65,TRADE
QLD1,2020/06/12 01:00:00,5276.76,37.28,TRADE
QLD1,2020/06/12 01:30:00,5192.18,36.38,TRADE
QLD1,2020/06/12 02:00:00,5146.68,32.19,TRADE
QLD1,2020/06/12 02:30:00,5121.66,28.62,TRADE
QLD1,2020/06/12 03:00:00,5075.76,23.48,TRADE
QLD1,2020/06/12 03:30:00,5087.39,25.95,TRADE
QLD1,2020/06/12 04:00:00,5088.18,28.17,TRADE
QLD1,2020/06/12 04:30:00,5161.86,28.60,TRADE
QLD1,2020/06/12 05:00:00,5264.72,30.06,TRADE
QLD1,2020/06/12 05:30:00,5460.33,31.57,TRADE
QLD1,2020/06/12 06:00:00,5664.14,31.68,TRADE
QLD1,2020/06/12 06:30:00,6042.15,34.29,TRADE
QLD1,2020/06/12 07:00:00,6358.85,38.20,TRADE
QLD1,2020/06/12 07:30:00,6612.69,37.77,TRADE
QLD1,2020/06/12 08:00:00,6499.75,32.50,TRADE
QLD1,2020/06/12 08:30:00,6246.35,18.35,TRADE
QLD1,2020/06/12 09:00:00,5983.94,27.20,TRADE
QLD1,2020/06/12 09:30:00,5781.06,20.67,TRADE
QLD1,2020/06/12 10:00:00,5561.44,19.09,TRADE
QLD1,2020/06/12 10:30:00,5404.76,13.92,TRADE
QLD1,2020/06/12 11:00:00,5260.93,17,TRADE
QLD1,2020/06/12 11:30:00,5160.6,9.86,TRADE
QLD1,2020/06/12 12:00:00,5183.14,11.57,TRADE
QLD1,2020/06/12 12:30:00,5162.07,-22.52,TRADE
QLD1,2020/06/12 13:00:00,5246.34,1.09,TRADE
QLD1,2020/06/12 13:30:00,5271.18,2.71,TRADE
QLD1,2020/06/12 14:00:00,5325.81,14.94,TRADE
QLD1,2020/06/12 14:30:00,5533.35,24.41,TRADE
QLD1,2020/06/12 15:00:00,5757.16,29.82,TRADE
QLD1,2020/06/12 15:30:00,5908.54,29.18,TRADE
QLD1,2020/06/12 16:00:00,6181.38,41.21,TRADE
QLD1,2020/06/12 16:30:00,6415.12,32.44,TRADE
QLD1,2020/06/12 17:00:00,6686.01,41.95,TRADE
QLD1,2020/06/12 17:30:00,6926.74,46.37,TRADE
QLD1,2020/06/12 18:00:00,7088.08,51.94,TRADE
QLD1,2020/06/12 18:30:00,6989.83,43.10,TRADE
QLD1,2020/06/12 19:00:00,6944.44,39.80,TRADE
QLD1,2020/06/12 19:30:00,6766.63,37.51,TRADE
QLD1,2020/06/12 20:00:00,6696.15,36.29,TRADE
QLD1,2020/06/12 20:30:00,6628.47,34.55,TRADE
QLD1,2020/06/12 21:00:00,6466.89,31.85,TRADE
QLD1,2020/06/12 21:30:00,6342.91,29.47,TRADE
QLD1,2020/06/12 22:00:00,6190.73,29.68,TRADE
QLD1,2020/06/12 22:30:00,6117.53,31.62,TRADE
QLD1,2020/06/12 23:00:00,6038.88,29.33,TRADE
QLD1,2020/06/12 23:30:00,5850.53,30.27,TRADE
QLD1,2020/06/13 00:00:00,5641.27,31.61,TRADE
QLD1,2020/06/13 00:30:00,5449.51,34.80,TRADE
QLD1,2020/06/13 01:00:00,5312.44,31.13,TRADE
QLD1,2020/06/13 01:30:00,5192.81,31.87,TRADE
QLD1,2020/06/13 02:00:00,5103.27,25.76,TRADE
QLD1,2020/06/13 02:30:00,5065.79,24.72,TRADE
QLD1,2020/06/13 03:00:00,5021.57,20.56,TRADE
QLD1,2020/06/13 03:30:00,5059.68,23.35,TRADE
QLD1,2020/06/13 04:00:00,5025.82,23.05,TRADE
QLD1,2020/06/13 04:30:00,5032.58,16.12,TRADE
QLD1,2020/06/13 05:00:00,5124.45,21.58,TRADE
QLD1,2020/06/13 05:30:00,5195.64,27.37,TRADE
QLD1,2020/06/13 06:00:00,5279.89,27.03,TRADE
QLD1,2020/06/13 06:30:00,5390.96,27.05,TRADE
QLD1,2020/06/13 07:00:00,5552.27,28.19,TRADE
QLD1,2020/06/13 07:30:00,5697.37,30.18,TRADE
QLD1,2020/06/13 08:00:00,5718.66,31.74,TRADE
QLD1,2020/06/13 08:30:00,5624.48,30.23,TRADE
QLD1,2020/06/13 09:00:00,5574.82,30.68,TRADE
QLD1,2020/06/13 09:30:00,5424.95,31.01,TRADE
QLD1,2020/06/13 10:00:00,5339.93,25.16,TRADE
QLD1,2020/06/13 10:30:00,5306.89,25.41,TRADE
QLD1,2020/06/13 11:00:00,5170.65,18.24,TRADE
QLD1,2020/06/13 11:30:00,5179.04,23.14,TRADE
QLD1,2020/06/13 12:00:00,5205.32,25.09,TRADE
QLD1,2020/06/13 12:30:00,5210.89,28.06,TRADE
QLD1,2020/06/13 13:00:00,5305.29,30.38,TRADE
QLD1,2020/06/13 13:30:00,5386.67,30.63,TRADE
QLD1,2020/06/13 14:00:00,5493.55,32.40,TRADE
QLD1,2020/06/13 14:30:00,5555.68,30.80,TRADE
QLD1,2020/06/13 15:00:00,5638.43,31.11,TRADE
QLD1,2020/06/13 15:30:00,5713.56,31.12,TRADE
QLD1,2020/06/13 16:00:00,5905.62,33.06,TRADE
QLD1,2020/06/13 16:30:00,6028.05,30.79,TRADE
QLD1,2020/06/13 17:00:00,6288.05,36.63,TRADE
QLD1,2020/06/13 17:30:00,6572,37.53,TRADE
QLD1,2020/06/13 18:00:00,6773.99,41.95,TRADE
QLD1,2020/06/13 18:30:00,6682.73,36.74,TRADE
QLD1,2020/06/13 19:00:00,6625.48,34.51,TRADE
QLD1,2020/06/13 19:30:00,6560.58,33.77,TRADE
QLD1,2020/06/13 20:00:00,6470.44,33,TRADE
QLD1,2020/06/13 20:30:00,6369.73,32.06,TRADE
QLD1,2020/06/13 21:00:00,6218.8,30.90,TRADE
QLD1,2020/06/13 21:30:00,6104.22,31.33,TRADE
QLD1,2020/06/13 22:00:00,5984.88,28.03,TRADE
QLD1,2020/06/13 22:30:00,5927.22,29.26,TRADE
QLD1,2020/06/13 23:00:00,5837.39,26.89,TRADE
QLD1,2020/06/13 23:30:00,5676.55,26.91,TRADE
QLD1,2020/06/14 00:00:00,5447.58,25.86,TRADE
QLD1,2020/06/14 00:30:00,5342.79,24.65,TRADE
QLD1,2020/06/14 01:00:00,5230.66,25.58,TRADE
QLD1,2020/06/14 01:30:00,5098.18,22.42,TRADE
QLD1,2020/06/14 02:00:00,5021.1,19.84,TRADE
QLD1,2020/06/14 02:30:00,4983.58,16.73,TRADE
QLD1,2020/06/14 03:00:00,4926.44,11.34,TRADE
QLD1,2020/06/14 03:30:00,4911.11,6.40,TRADE
QLD1,2020/06/14 04:00:00,4930.37,0,TRADE
QLD1,2020/06/14 04:30:00,4884.4,0,TRADE
QLD1,2020/06/14 05:00:00,4840.29,13.59,TRADE
QLD1,2020/06/14 05:30:00,4918.36,22.47,TRADE
QLD1,2020/06/14 06:00:00,4991.57,16.75,TRADE
QLD1,2020/06/14 06:30:00,5119.76,20.93,TRADE
QLD1,2020/06/14 07:00:00,5197.98,23.13,TRADE
QLD1,2020/06/14 07:30:00,5343.13,26.34,TRADE
QLD1,2020/06/14 08:00:00,5471.65,26.43,TRADE
QLD1,2020/06/14 08:30:00,5626.92,31.13,TRADE
QLD1,2020/06/14 09:00:00,5642.23,29.92,TRADE
QLD1,2020/06/14 09:30:00,5612.93,33.06,TRADE
QLD1,2020/06/14 10:00:00,5687.11,32.85,TRADE
QLD1,2020/06/14 10:30:00,5760.92,30.57,TRADE
QLD1,2020/06/14 11:00:00,5860.41,29.52,TRADE
QLD1,2020/06/14 11:30:00,5839.36,27.96,TRADE
QLD1,2020/06/14 12:00:00,5823.65,16.21,TRADE
QLD1,2020/06/14 12:30:00,5935.39,30.05,TRADE
QLD1,2020/06/14 13:00:00,5996.64,31.83,TRADE
QLD1,2020/06/14 13:30:00,5977.6,30.66,TRADE
QLD1,2020/06/14 14:00:00,5926.52,30.77,TRADE
QLD1,2020/06/14 14:30:00,5963.47,36.25,TRADE
QLD1,2020/06/14 15:00:00,6002.44,35.62,TRADE
QLD1,2020/06/14 15:30:00,6084.27,35.99,TRADE
QLD1,2020/06/14 16:00:00,6240.43,36.11,TRADE
QLD1,2020/06/14 16:30:00,6349.32,31.46,TRADE
QLD1,2020/06/14 17:00:00,6559.67,41.14,TRADE
QLD1,2020/06/14 17:30:00,6827.52,49.26,TRADE
QLD1,2020/06/14 18:00:00,7002.81,86.40,TRADE
QLD1,2020/06/14 18:30:00,6954.34,46.75,TRADE
QLD1,2020/06/14 19:00:00,6864.93,39.02,TRADE
QLD1,2020/06/14 19:30:00,6759.76,37.32,TRADE
QLD1,2020/06/14 20:00:00,6659.06,36.38,TRADE
QLD1,2020/06/14 20:30:00,6497.32,35.06,TRADE
QLD1,2020/06/14 21:00:00,6300.33,33.58,TRADE
QLD1,2020/06/14 21:30:00,6145.39,32.80,TRADE
QLD1,2020/06/14 22:00:00,5997.09,31.56,TRADE
QLD1,2020/06/14 22:30:00,5913.3,33.72,TRADE
QLD1,2020/06/14 23:00:00,5815.78,30.21,TRADE
QLD1,2020/06/14 23:30:00,5639.73,27.38,TRADE
QLD1,2020/06/15 00:00:00,5424.65,26.93,TRADE
QLD1,2020/06/15 00:30:00,5317.73,26.65,TRADE
QLD1,2020/06/15 01:00:00,5164.51,25.77,TRADE
QLD1,2020/06/15 01:30:00,5071.03,21.89,TRADE
QLD1,2020/06/15 02:00:00,4961.99,21.68,TRADE
QLD1,2020/06/15 02:30:00,4914.5,11.17,TRADE
QLD1,2020/06/15 03:00:00,4922.17,11.07,TRADE
QLD1,2020/06/15 03:30:00,4911.28,8.24,TRADE
QLD1,2020/06/15 04:00:00,4931.21,1.69,TRADE
QLD1,2020/06/15 04:30:00,5059.3,11.09,TRADE
QLD1,2020/06/15 05:00:00,5178.05,21.74,TRADE
QLD1,2020/06/15 05:30:00,5392.64,22.74,TRADE
QLD1,2020/06/15 06:00:00,5542.34,17.31,TRADE
QLD1,2020/06/15 06:30:00,5902.25,30.73,TRADE
QLD1,2020/06/15 07:00:00,6246.65,34.49,TRADE
QLD1,2020/06/15 07:30:00,6530.96,36.43,TRADE
QLD1,2020/06/15 08:00:00,6493.24,37.75,TRADE
QLD1,2020/06/15 08:30:00,6272.73,35.53,TRADE
QLD1,2020/06/15 09:00:00,5997.51,31.03,TRADE
QLD1,2020/06/15 09:30:00,5824.17,31.52,TRADE
QLD1,2020/06/15 10:00:00,5624.23,30.94,TRADE
QLD1,2020/06/15 10:30:00,5544.08,31.05,TRADE
QLD1,2020/06/15 11:00:00,5458.15,28.79,TRADE
QLD1,2020/06/15 11:30:00,5358.97,26.10,TRADE
QLD1,2020/06/15 12:00:00,5274.87,26.03,TRADE
QLD1,2020/06/15 12:30:00,5288.61,25.98,TRADE
QLD1,2020/06/15 13:00:00,5413.7,26.20,TRADE
QLD1,2020/06/15 13:30:00,5519.04,26.89,TRADE
QLD1,2020/06/15 14:00:00,5579.52,27.61,TRADE
QLD1,2020/06/15 14:30:00,5746.2,28.71,TRADE
QLD1,2020/06/15 15:00:00,5868.76,28.97,TRADE
QLD1,2020/06/15 15:30:00,6033.05,28.85,TRADE
QLD1,2020/06/15 16:00:00,6311.87,30.85,TRADE
QLD1,2020/06/15 16:30:00,6540.84,31.21,TRADE
QLD1,2020/06/15 17:00:00,6821.6,35.15,TRADE
QLD1,2020/06/15 17:30:00,7115.64,41.79,TRADE
QLD1,2020/06/15 18:00:00,7386.97,46.38,TRADE
QLD1,2020/06/15 18:30:00,7338.47,39.25,TRADE
QLD1,2020/06/15 19:00:00,7264.61,36.81,TRADE
QLD1,2020/06/15 19:30:00,7056.55,35.79,TRADE
QLD1,2020/06/15 20:00:00,6855.85,35.91,TRADE
QLD1,2020/06/15 20:30:00,6750.26,34.80,TRADE
QLD1,2020/06/15 21:00:00,6552.72,32.54,TRADE
QLD1,2020/06/15 21:30:00,6357.95,32.85,TRADE
QLD1,2020/06/15 22:00:00,6209.28,30.94,TRADE
QLD1,2020/06/15 22:30:00,6072.76,33.49,TRADE
QLD1,2020/06/15 23:00:00,5941.65,30.65,TRADE
QLD1,2020/06/15 23:30:00,5723.22,31.53,TRADE
QLD1,2020/06/16 00:00:00,5575.34,30.64,TRADE
QLD1,2020/06/16 00:30:00,5472.71,33.27,TRADE
QLD1,2020/06/16 01:00:00,5305.33,31.12,TRADE
QLD1,2020/06/16 01:30:00,5206.44,27.92,TRADE
QLD1,2020/06/16 02:00:00,5179.39,26.83,TRADE
QLD1,2020/06/16 02:30:00,5089.05,23.39,TRADE
QLD1,2020/06/16 03:00:00,5088.52,16,TRADE
QLD1,2020/06/16 03:30:00,5090.28,18.41,TRADE
QLD1,2020/06/16 04:00:00,5069.49,19.55,TRADE
QLD1,2020/06/16 04:30:00,5142.72,25.96,TRADE
QLD1,2020/06/16 05:00:00,5238.02,26.49,TRADE
QLD1,2020/06/16 05:30:00,5424.03,29.88,TRADE
QLD1,2020/06/16 06:00:00,5635.07,29.12,TRADE
QLD1,2020/06/16 06:30:00,6004.11,35.07,TRADE
QLD1,2020/06/16 07:00:00,6322.12,37.52,TRADE
QLD1,2020/06/16 07:30:00,6588.42,37.47,TRADE
QLD1,2020/06/16 08:00:00,6553.82,36.16,TRADE
QLD1,2020/06/16 08:30:00,6355.13,32.41,TRADE
QLD1,2020/06/16 09:00:00,6161.84,28.92,TRADE
QLD1,2020/06/16 09:30:00,5897.8,25.47,TRADE
QLD1,2020/06/16 10:00:00,5737.76,24.11,TRADE
QLD1,2020/06/16 10:30:00,5700.58,25.45,TRADE
QLD1,2020/06/16 11:00:00,5623.75,25.44,TRADE
QLD1,2020/06/16 11:30:00,5646.77,26.01,TRADE
QLD1,2020/06/16 12:00:00,5679.74,26.60,TRADE
QLD1,2020/06/16 12:30:00,5684.92,25.70,TRADE
QLD1,2020/06/16 13:00:00,5757.75,27.28,TRADE
QLD1,2020/06/16 13:30:00,5792.32,28.02,TRADE
QLD1,2020/06/16 14:00:00,5754.21,28.19,TRADE
QLD1,2020/06/16 14:30:00,5802.35,28.59,TRADE
QLD1,2020/06/16 15:00:00,5925.35,28.70,TRADE
QLD1,2020/06/16 15:30:00,6030.73,32.93,TRADE
QLD1,2020/06/16 16:00:00,6323.9,36.41,TRADE
QLD1,2020/06/16 16:30:00,6501.21,33.46,TRADE
QLD1,2020/06/16 17:00:00,6801.41,35.82,TRADE
QLD1,2020/06/16 17:30:00,7093.92,40.79,TRADE
QLD1,2020/06/16 18:00:00,7362.36,126.42,TRADE
QLD1,2020/06/16 18:30:00,7318.96,50.01,TRADE
QLD1,2020/06/16 19:00:00,7270.38,46.08,TRADE
QLD1,2020/06/16 19:30:00,7054.24,39.73,TRADE
QLD1,2020/06/16 20:00:00,6927,37.20,TRADE
QLD1,2020/06/16 20:30:00,6813.55,36.58,TRADE
QLD1,2020/06/16 21:00:00,6614.7,34.35,TRADE
QLD1,2020/06/16 21:30:00,6450.44,32.67,TRADE
QLD1,2020/06/16 22:00:00,6238.82,31.34,TRADE
QLD1,2020/06/16 22:30:00,6110.36,33.43,TRADE
QLD1,2020/06/16 23:00:00,5966.74,30.50,TRADE
QLD1,2020/06/16 23:30:00,5804.82,29.38,TRADE
QLD1,2020/06/17 00:00:00,5558.82,27.75,TRADE
QLD1,2020/06/17 00:30:00,5447.29,31.82,TRADE
QLD1,2020/06/17 01:00:00,5285.66,31.98,TRADE
QLD1,2020/06/17 01:30:00,5194.25,31.19,TRADE
QLD1,2020/06/17 02:00:00,5166.27,30.99,TRADE
QLD1,2020/06/17 02:30:00,5135.66,30.27,TRADE
QLD1,2020/06/17 03:00:00,5099.29,30.58,TRADE
QLD1,2020/06/17 03:30:00,5065.32,29.95,TRADE
QLD1,2020/06/17 04:00:00,5060.19,30.15,TRADE
QLD1,2020/06/17 04:30:00,5142.72,29.90,TRADE
QLD1,2020/06/17 05:00:00,5198.34,29.59,TRADE
QLD1,2020/06/17 05:30:00,5433.02,31.09,TRADE
QLD1,2020/06/17 06:00:00,5649.61,36.92,TRADE
QLD1,2020/06/17 06:30:00,6063.85,44.57,TRADE
QLD1,2020/06/17 07:00:00,6353.75,40.60,TRADE
QLD1,2020/06/17 07:30:00,6616.11,43.79,TRADE
QLD1,2020/06/17 08:00:00,6538.21,34.86,TRADE
QLD1,2020/06/17 08:30:00,6246.18,17.87,TRADE
QLD1,2020/06/17 09:00:00,5931.32,10.44,TRADE
QLD1,2020/06/17 09:30:00,5692.23,13.66,TRADE
QLD1,2020/06/17 10:00:00,5465.44,12.14,TRADE
QLD1,2020/06/17 10:30:00,5313.62,12.99,TRADE
QLD1,2020/06/17 11:00:00,5278.24,20.83,TRADE
QLD1,2020/06/17 11:30:00,5298.4,23.67,TRADE
QLD1,2020/06/17 12:00:00,5309.31,29.55,TRADE
QLD1,2020/06/17 12:30:00,5297.22,32.19,TRADE
QLD1,2020/06/17 13:00:00,5285.92,32.86,TRADE
QLD1,2020/06/17 13:30:00,5319.46,36.44,TRADE
QLD1,2020/06/17 14:00:00,5390.46,37.85,TRADE
QLD1,2020/06/17 14:30:00,5480.16,36.86,TRADE
QLD1,2020/06/17 15:00:00,5642.95,37.83,TRADE
QLD1,2020/06/17 15:30:00,5861.11,39.64,TRADE
QLD1,2020/06/17 16:00:00,6151.27,45.80,TRADE
QLD1,2020/06/17 16:30:00,6394.88,44.82,TRADE
QLD1,2020/06/17 17:00:00,6720.27,42.33,TRADE
QLD1,2020/06/17 17:30:00,6968.54,96.48,TRADE
QLD1,2020/06/17 18:00:00,7217.41,123.21,TRADE
QLD1,2020/06/17 18:30:00,7191.97,52.89,TRADE
QLD1,2020/06/17 19:00:00,7199.29,43.10,TRADE
QLD1,2020/06/17 19:30:00,7085.42,39.59,TRADE
QLD1,2020/06/17 20:00:00,6975.71,37.89,TRADE
QLD1,2020/06/17 20:30:00,6850.76,36.45,TRADE
QLD1,2020/06/17 21:00:00,6662.81,38.47,TRADE
QLD1,2020/06/17 21:30:00,6453.38,37.08,TRADE
QLD1,2020/06/17 22:00:00,6219.71,32.95,TRADE
QLD1,2020/06/17 22:30:00,6072.43,35.69,TRADE
QLD1,2020/06/17 23:00:00,5922.82,32.44,TRADE
QLD1,2020/06/17 23:30:00,5737.6,33.01,TRADE
QLD1,2020/06/18 00:00:00,5546.11,32.79,TRADE
QLD1,2020/06/18 00:30:00,5336.98,32.02,TRADE
QLD1,2020/06/18 01:00:00,5193.4,31.63,TRADE
QLD1,2020/06/18 01:30:00,5125.4,30.25,TRADE
QLD1,2020/06/18 02:00:00,5052.11,27.03,TRADE
QLD1,2020/06/18 02:30:00,5050.41,26.04,TRADE
QLD1,2020/06/18 03:00:00,5019.3,25.50,TRADE
QLD1,2020/06/18 03:30:00,5019.92,23.84,TRADE
QLD1,2020/06/18 04:00:00,5041.36,23.61,TRADE
QLD1,2020/06/18 04:30:00,5089.47,22.89,TRADE
QLD1,2020/06/18 05:00:00,5174.68,25.85,TRADE
QLD1,2020/06/18 05:30:00,5394.08,25.70,TRADE
QLD1,2020/06/18 06:00:00,5584.22,25.40,TRADE
QLD1,2020/06/18 06:30:00,5963.16,37.38,TRADE
QLD1,2020/06/18 07:00:00,6334.05,36.95,TRADE
QLD1,2020/06/18 07:30:00,6613.55,36.79,TRADE
QLD1,2020/06/18 08:00:00,6561,34.28,TRADE
QLD1,2020/06/18 08:30:00,6268.56,25.63,TRADE
QLD1,2020/06/18 09:00:00,5941.4,4.40,TRADE
QLD1,2020/06/18 09:30:00,5774.17,24.66,TRADE
QLD1,2020/06/18 10:00:00,5612.92,18.70,TRADE
QLD1,2020/06/18 10:30:00,5419.69,21.90,TRADE
QLD1,2020/06/18 11:00:00,5424.23,22.91,TRADE
QLD1,2020/06/18 11:30:00,5430.68,22.26,TRADE
QLD1,2020/06/18 12:00:00,5487.07,24.01,TRADE
QLD1,2020/06/18 12:30:00,5535.82,29.41,TRADE
QLD1,2020/06/18 13:00:00,5618.99,29.97,TRADE
QLD1,2020/06/18 13:30:00,5775.59,32.43,TRADE
QLD1,2020/06/18 14:00:00,5907.99,26.93,TRADE
QLD1,2020/06/18 14:30:00,5996.68,29.36,TRADE
QLD1,2020/06/18 15:00:00,6085.16,23.84,TRADE
QLD1,2020/06/18 15:30:00,6188.89,29.33,TRADE
QLD1,2020/06/18 16:00:00,6358.26,36.47,TRADE
QLD1,2020/06/18 16:30:00,6503.32,35.34,TRADE
QLD1,2020/06/18 17:00:00,6811.96,46.62,TRADE
QLD1,2020/06/18 17:30:00,7088.85,47.71,TRADE
QLD1,2020/06/18 18:00:00,7272.16,87.43,TRADE
QLD1,2020/06/18 18:30:00,7258.15,49.88,TRADE
QLD1,2020/06/18 19:00:00,7215.79,43.20,TRADE
QLD1,2020/06/18 19:30:00,7060.07,37.68,TRADE
QLD1,2020/06/18 20:00:00,7017.16,38.69,TRADE
QLD1,2020/06/18 20:30:00,6938.44,37.68,TRADE
QLD1,2020/06/18 21:00:00,6685.11,35.37,TRADE
QLD1,2020/06/18 21:30:00,6485.23,33.57,TRADE
QLD1,2020/06/18 22:00:00,6301.62,32.75,TRADE
QLD1,2020/06/18 22:30:00,6150.99,34.12,TRADE
QLD1,2020/06/18 23:00:00,6016.84,30.02,TRADE
QLD1,2020/06/18 23:30:00,5777.91,30.15,TRADE
QLD1,2020/06/19 00:00:00,5541.3,31.14,TRADE
QLD1,2020/06/19 00:30:00,5428.53,30.09,TRADE
QLD1,2020/06/19 01:00:00,5310.69,29.43,TRADE
QLD1,2020/06/19 01:30:00,5198.5,28.59,TRADE
QLD1,2020/06/19 02:00:00,5113.99,30.67,TRADE
QLD1,2020/06/19 02:30:00,5068.95,26.42,TRADE
QLD1,2020/06/19 03:00:00,5066.85,22.24,TRADE
QLD1,2020/06/19 03:30:00,5066.8,16.94,TRADE
QLD1,2020/06/19 04:00:00,5058.98,10.87,TRADE
QLD1,2020/06/19 04:30:00,5151.53,20.15,TRADE
QLD1,2020/06/19 05:00:00,5257.79,24.06,TRADE
QLD1,2020/06/19 05:30:00,5469.78,27.33,TRADE
QLD1,2020/06/19 06:00:00,5656.44,25.82,TRADE
QLD1,2020/06/19 06:30:00,5995.89,36.84,TRADE
QLD1,2020/06/19 07:00:00,6359.2,36.54,TRADE
QLD1,2020/06/19 07:30:00,6666.83,38.16,TRADE
QLD1,2020/06/19 08:00:00,6653.88,36.43,TRADE
QLD1,2020/06/19 08:30:00,6366.11,4.17,TRADE
QLD1,2020/06/19 09:00:00,6118.1,16.32,TRADE
QLD1,2020/06/19 09:30:00,5843.41,3.78,TRADE
QLD1,2020/06/19 10:00:00,5654.8,-7.78,TRADE
QLD1,2020/06/19 10:30:00,5585.54,0,TRADE
QLD1,2020/06/19 11:00:00,5478.5,-1.78,TRADE
QLD1,2020/06/19 11:30:00,5499.02,14.59,TRADE
QLD1,2020/06/19 12:00:00,5433.98,0,TRADE
QLD1,2020/06/19 12:30:00,5444.98,0.99,TRADE
QLD1,2020/06/19 13:00:00,5562.96,3.14,TRADE
QLD1,2020/06/19 13:30:00,5514.73,3.92,TRADE
QLD1,2020/06/19 14:00:00,5567.69,19.76,TRADE
QLD1,2020/06/19 14:30:00,5674.22,20.57,TRADE
QLD1,2020/06/19 15:00:00,5836.99,9.82,TRADE
QLD1,2020/06/19 15:30:00,5972.85,23.69,TRADE
QLD1,2020/06/19 16:00:00,6181.57,12.05,TRADE
QLD1,2020/06/19 16:30:00,6416.05,28.62,TRADE
QLD1,2020/06/19 17:00:00,6701.94,34.60,TRADE
QLD1,2020/06/19 17:30:00,6988.15,38.50,TRADE
QLD1,2020/06/19 18:00:00,7146.85,48.83,TRADE
QLD1,2020/06/19 18:30:00,7105.6,38.09,TRADE
QLD1,2020/06/19 19:00:00,7079.11,36.44,TRADE
QLD1,2020/06/19 19:30:00,6930.23,36.60,TRADE
QLD1,2020/06/19 20:00:00,6820.27,36.04,TRADE
QLD1,2020/06/19 20:30:00,6750.24,36.42,TRADE
QLD1,2020/06/19 21:00:00,6579.95,34.12,TRADE
QLD1,2020/06/19 21:30:00,6412.38,34.20,TRADE
QLD1,2020/06/19 22:00:00,6241.78,31.75,TRADE
QLD1,2020/06/19 22:30:00,6144.28,32.74,TRADE
QLD1,2020/06/19 23:00:00,6056.82,31.52,TRADE
QLD1,2020/06/19 23:30:00,5867.14,29.82,TRADE
QLD1,2020/06/20 00:00:00,5667.5,29.17,TRADE
QLD1,2020/06/20 00:30:00,5438.05,29.30,TRADE
QLD1,2020/06/20 01:00:00,5311.28,27.85,TRADE
QLD1,2020/06/20 01:30:00,5202.8,29.70,TRADE
QLD1,2020/06/20 02:00:00,5091.23,29.67,TRADE
QLD1,2020/06/20 02:30:00,5028.62,30.97,TRADE
QLD1,2020/06/20 03:00:00,5028.7,29.97,TRADE
QLD1,2020/06/20 03:30:00,5027.21,28.50,TRADE
QLD1,2020/06/20 04:00:00,5014.89,28.01,TRADE
QLD1,2020/06/20 04:30:00,5032.17,27.97,TRADE
QLD1,2020/06/20 05:00:00,5069.6,28.45,TRADE
QLD1,2020/06/20 05:30:00,5169.03,29.67,TRADE
QLD1,2020/06/20 06:00:00,5195.77,26.92,TRADE
QLD1,2020/06/20 06:30:00,5388.79,29.42,TRADE
QLD1,2020/06/20 07:00:00,5526.4,24.24,TRADE
QLD1,2020/06/20 07:30:00,5753.41,29.61,TRADE
QLD1,2020/06/20 08:00:00,5810.55,36.19,TRADE
QLD1,2020/06/20 08:30:00,5868.11,29.32,TRADE
QLD1,2020/06/20 09:00:00,5859.51,17.52,TRADE
QLD1,2020/06/20 09:30:00,5839,19.71,TRADE
QLD1,2020/06/20 10:00:00,5733.36,11.09,TRADE
QLD1,2020/06/20 10:30:00,5640.67,4.14,TRADE
QLD1,2020/06/20 11:00:00,5531.72,21.83,TRADE
QLD1,2020/06/20 11:30:00,5419.66,18.04,TRADE
QLD1,2020/06/20 12:00:00,5387.26,16.70,TRADE
QLD1,2020/06/20 12:30:00,5347.29,16.21,TRADE
QLD1,2020/06/20 13:00:00,5340.54,16.60,TRADE
QLD1,2020/06/20 13:30:00,5316.33,23.07,TRADE
QLD1,2020/06/20 14:00:00,5397.35,2.30,TRADE
QLD1,2020/06/20 14:30:00,5485.88,26.54,TRADE
QLD1,2020/06/20 15:00:00,5622.56,30.56,TRADE
QLD1,2020/06/20 15:30:00,5769.02,32.57,TRADE
QLD1,2020/06/20 16:00:00,5923.03,35.03,TRADE
QLD1,2020/06/20 16:30:00,6131.81,35.51,TRADE
QLD1,2020/06/20 17:00:00,6404.01,37.18,TRADE
QLD1,2020/06/20 17:30:00,6721.7,44.16,TRADE
QLD1,2020/06/20 18:00:00,6929.59,48.36,TRADE
QLD1,2020/06/20 18:30:00,6885.11,37.52,TRADE
QLD1,2020/06/20 19:00:00,6816.48,35.66,TRADE
QLD1,2020/06/20 19:30:00,6688.39,36.13,TRADE
QLD1,2020/06/20 20:00:00,6614.78,34.83,TRADE
QLD1,2020/06/20 20:30:00,6526.57,32.89,TRADE
QLD1,2020/06/20 21:00:00,6389.39,31.11,TRADE
QLD1,2020/06/20 21:30:00,6213.64,31.42,TRADE
QLD1,2020/06/20 22:00:00,6096.27,31.08,TRADE
QLD1,2020/06/20 22:30:00,6025.3,33.11,TRADE
QLD1,2020/06/20 23:00:00,5938.24,29.85,TRADE
QLD1,2020/06/20 23:30:00,5773.55,29.10,TRADE
QLD1,2020/06/21 00:00:00,5566.06,28.56,TRADE
QLD1,2020/06/21 00:30:00,5385,29.31,TRADE
QLD1,2020/06/21 01:00:00,5242.22,29.52,TRADE
QLD1,2020/06/21 01:30:00,5155.72,29.08,TRADE
QLD1,2020/06/21 02:00:00,5085.03,26.34,TRADE
QLD1,2020/06/21 02:30:00,4993.2,26.22,TRADE
QLD1,2020/06/21 03:00:00,4926.82,12.60,TRADE
QLD1,2020/06/21 03:30:00,4931.59,9.11,TRADE
QLD1,2020/06/21 04:00:00,4940.71,19.55,TRADE
QLD1,2020/06/21 04:30:00,4963.62,19.55,TRADE
QLD1,2020/06/21 05:00:00,4950,17.78,TRADE
QLD1,2020/06/21 05:30:00,5010.37,21.24,TRADE
QLD1,2020/06/21 06:00:00,5070.91,23.92,TRADE
QLD1,2020/06/21 06:30:00,5168.01,25.73,TRADE
QLD1,2020/06/21 07:00:00,5285.73,27.29,TRADE
QLD1,2020/06/21 07:30:00,5405.12,27.18,TRADE
QLD1,2020/06/21 08:00:00,5457.28,26.12,TRADE
QLD1,2020/06/21 08:30:00,5451.79,25.19,TRADE
QLD1,2020/06/21 09:00:00,5446.5,25.77,TRADE
QLD1,2020/06/21 09:30:00,5334.46,25.83,TRADE
QLD1,2020/06/21 10:00:00,5232.92,22.30,TRADE
QLD1,2020/06/21 10:30:00,4990.54,2.62,TRADE
QLD1,2020/06/21 11:00:00,4773.18,16.16,TRADE
QLD1,2020/06/21 11:30:00,4660.12,9.12,TRADE
QLD1,2020/06/21 12:00:00,4703.49,20.81,TRADE
QLD1,2020/06/21 12:30:00,4696.48,18.75,TRADE
QLD1,2020/06/21 13:00:00,4676.16,16.16,TRADE
QLD1,2020/06/21 13:30:00,4714.16,1.96,TRADE
QLD1,2020/06/21 14:00:00,4779.97,23.04,TRADE
QLD1,2020/06/21 14:30:00,4913.48,24.33,TRADE
QLD1,2020/06/21 15:00:00,5110.43,17.17,TRADE
QLD1,2020/06/21 15:30:00,5289.71,28.57,TRADE
QLD1,2020/06/21 16:00:00,5559.75,30.99,TRADE
QLD1,2020/06/21 16:30:00,5861.94,31.86,TRADE
QLD1,2020/06/21 17:00:00,6242.79,36.23,TRADE
QLD1,2020/06/21 17:30:00,6598.42,37.84,TRADE
QLD1,2020/06/21 18:00:00,6892.74,44.23,TRADE
QLD1,2020/06/21 18:30:00,6937.62,43.09,TRADE
QLD1,2020/06/21 19:00:00,6844.16,39.46,TRADE
QLD1,2020/06/21 19:30:00,6681.06,34.96,TRADE
QLD1,2020/06/21 20:00:00,6570.9,35.24,TRADE
QLD1,2020/06/21 20:30:00,6481.95,34.11,TRADE
QLD1,2020/06/21 21:00:00,6325.79,32.82,TRADE
QLD1,2020/06/21 21:30:00,6167.37,29.36,TRADE
QLD1,2020/06/21 22:00:00,6023.71,28.38,TRADE
QLD1,2020/06/21 22:30:00,5939.28,28.52,TRADE
QLD1,2020/06/21 23:00:00,5803.13,28.54,TRADE
QLD1,2020/06/21 23:30:00,5583.44,27.98,TRADE
QLD1,2020/06/22 00:00:00,5369.94,30.72,TRADE
QLD1,2020/06/22 00:30:00,5215.84,30.20,TRADE
QLD1,2020/06/22 01:00:00,5090.77,28.35,TRADE
QLD1,2020/06/22 01:30:00,4989.85,26.96,TRADE
QLD1,2020/06/22 02:00:00,4922.84,27.42,TRADE
QLD1,2020/06/22 02:30:00,4874.69,26.59,TRADE
QLD1,2020/06/22 03:00:00,4876.07,25.22,TRADE
QLD1,2020/06/22 03:30:00,4897.86,20.71,TRADE
QLD1,2020/06/22 04:00:00,4899.77,18.40,TRADE
QLD1,2020/06/22 04:30:00,4977.29,20.06,TRADE
QLD1,2020/06/22 05:00:00,5058.69,25.76,TRADE
QLD1,2020/06/22 05:30:00,5313.93,29.78,TRADE
QLD1,2020/06/22 06:00:00,5537.03,27.42,TRADE
QLD1,2020/06/22 06:30:00,5905.53,32.77,TRADE
QLD1,2020/06/22 07:00:00,6339.09,36.49,TRADE
QLD1,2020/06/22 07:30:00,6606.52,44.24,TRADE
QLD1,2020/06/22 08:00:00,6561.13,39.58,TRADE
QLD1,2020/06/22 08:30:00,6232.86,29.59,TRADE
QLD1,2020/06/22 09:00:00,5943.66,17.54,TRADE
QLD1,2020/06/22 09:30:00,5624.53,1.05,TRADE
QLD1,2020/06/22 10:00:00,5361.5,0.75,TRADE
QLD1,2020/06/22 10:30:00,5204.4,14.41,TRADE
QLD1,2020/06/22 11:00:00,5056.99,-0.51,TRADE
QLD1,2020/06/22 11:30:00,4953.03,-27.74,TRADE
QLD1,2020/06/22 12:00:00,4902.19,-22.13,TRADE
QLD1,2020/06/22 12:30:00,4903.51,-29.43,TRADE
QLD1,2020/06/22 13:00:00,4900.16,-12.01,TRADE
QLD1,2020/06/22 13:30:00,4968.08,3.34,TRADE
QLD1,2020/06/22 14:00:00,5102.07,9.29,TRADE
QLD1,2020/06/22 14:30:00,5260.24,8.66,TRADE
QLD1,2020/06/22 15:00:00,5451.82,22.69,TRADE
QLD1,2020/06/22 15:30:00,5695.77,8.30,TRADE
QLD1,2020/06/22 16:00:00,6039.18,29.15,TRADE
QLD1,2020/06/22 16:30:00,6327.59,26.44,TRADE
QLD1,2020/06/22 17:00:00,6744.96,34.54,TRADE
QLD1,2020/06/22 17:30:00,7160.58,43.03,TRADE
QLD1,2020/06/22 18:00:00,7453.41,54.76,TRADE
QLD1,2020/06/22 18:30:00,7489.03,52.75,TRADE
QLD1,2020/06/22 19:00:00,7448.97,40.33,TRADE
QLD1,2020/06/22 19:30:00,7318.5,35.83,TRADE
QLD1,2020/06/22 20:00:00,7227.36,34.44,TRADE
QLD1,2020/06/22 20:30:00,7112.92,37.96,TRADE
QLD1,2020/06/22 21:00:00,6926.33,36.31,TRADE
QLD1,2020/06/22 21:30:00,6724.99,34.81,TRADE
QLD1,2020/06/22 22:00:00,6498.87,33.88,TRADE
QLD1,2020/06/22 22:30:00,6325.86,35.52,TRADE
QLD1,2020/06/22 23:00:00,6154.03,32.46,TRADE
QLD1,2020/06/22 23:30:00,5921.04,32.80,TRADE
QLD1,2020/06/23 00:00:00,5725.77,33.42,TRADE
QLD1,2020/06/23 00:30:00,5510.04,31.58,TRADE
QLD1,2020/06/23 01:00:00,5364.54,29.22,TRADE
QLD1,2020/06/23 01:30:00,5269.32,28.73,TRADE
QLD1,2020/06/23 02:00:00,5180.31,25.74,TRADE
QLD1,2020/06/23 02:30:00,5158.86,28,TRADE
QLD1,2020/06/23 03:00:00,5127.9,25.06,TRADE
QLD1,2020/06/23 03:30:00,5165.16,26.87,TRADE
QLD1,2020/06/23 04:00:00,5211.36,18.14,TRADE
QLD1,2020/06/23 04:30:00,5260.48,20.97,TRADE
QLD1,2020/06/23 05:00:00,5356.38,16.94,TRADE
QLD1,2020/06/23 05:30:00,5642.65,22.03,TRADE
QLD1,2020/06/23 06:00:00,5931.66,24.08,TRADE
QLD1,2020/06/23 06:30:00,6415.18,35.71,TRADE
QLD1,2020/06/23 07:00:00,6842.02,43.81,TRADE
QLD1,2020/06/23 07:30:00,7170.57,46.46,TRADE
QLD1,2020/06/23 08:00:00,7072.74,36.94,TRADE
QLD1,2020/06/23 08:30:00,6684.29,27.15,TRADE
QLD1,2020/06/23 09:00:00,6254.72,0.35,TRADE
QLD1,2020/06/23 09:30:00,5904.1,-3.25,TRADE
QLD1,2020/06/23 10:00:00,5598.58,-7.46,TRADE
QLD1,2020/06/23 10:30:00,5379.86,-0.56,TRADE
QLD1,2020/06/23 11:00:00,5231.98,-27.62,TRADE
QLD1,2020/06/23 11:30:00,5088.08,-47.40,TRADE
QLD1,2020/06/23 12:00:00,5068.73,-41.70,TRADE
QLD1,2020/06/23 12:30:00,5045.92,-52.84,TRADE
QLD1,2020/06/23 13:00:00,5050.04,-38.47,TRADE
QLD1,2020/06/23 13:30:00,5143.87,-10.52,TRADE
QLD1,2020/06/23 14:00:00,5208.09,8.04,TRADE
QLD1,2020/06/23 14:30:00,5372.25,16.17,TRADE
QLD1,2020/06/23 15:00:00,5534.58,16.90,TRADE
QLD1,2020/06/23 15:30:00,5757.26,-8.91,TRADE
QLD1,2020/06/23 16:00:00,6084.58,5.90,TRADE
QLD1,2020/06/23 16:30:00,6412.57,24.95,TRADE
QLD1,2020/06/23 17:00:00,6874.27,30.63,TRADE
QLD1,2020/06/23 17:30:00,7297.76,74.60,TRADE
QLD1,2020/06/23 18:00:00,7637.02,233.42,TRADE
QLD1,2020/06/23 18:30:00,7714.51,48.67,TRADE
QLD1,2020/06/23 19:00:00,7764.6,45.68,TRADE
QLD1,2020/06/23 19:30:00,7604.48,37.35,TRADE
QLD1,2020/06/23 20:00:00,7478.97,34.49,TRADE
QLD1,2020/06/23 20:30:00,7335.14,35.72,TRADE
QLD1,2020/06/23 21:00:00,7134.87,34.15,TRADE
QLD1,2020/06/23 21:30:00,6911.35,34.66,TRADE
QLD1,2020/06/23 22:00:00,6656.4,32.87,TRADE
QLD1,2020/06/23 22:30:00,6437.44,35.24,TRADE
QLD1,2020/06/23 23:00:00,6300.33,32.99,TRADE
QLD1,2020/06/23 23:30:00,6015.15,31.75,TRADE
QLD1,2020/06/24 00:00:00,5750.92,29.64,TRADE
QLD1,2020/06/24 00:30:00,5571.89,31.07,TRADE
QLD1,2020/06/24 01:00:00,5389.14,26.30,TRADE
QLD1,2020/06/24 01:30:00,5299.92,25.51,TRADE
QLD1,2020/06/24 02:00:00,5206.63,25.18,TRADE
QLD1,2020/06/24 02:30:00,5210.65,27.53,TRADE
QLD1,2020/06/24 03:00:00,5198.45,26.82,TRADE
QLD1,2020/06/24 03:30:00,5185.47,26.50,TRADE
QLD1,2020/06/24 04:00:00,5205.3,24.98,TRADE
QLD1,2020/06/24 04:30:00,5268.39,24.69,TRADE
QLD1,2020/06/24 05:00:00,5436.6,24.69,TRADE
QLD1,2020/06/24 05:30:00,5693.54,29,TRADE
QLD1,2020/06/24 06:00:00,5994.72,30.75,TRADE
QLD1,2020/06/24 06:30:00,6471.91,35.24,TRADE
QLD1,2020/06/24 07:00:00,6914.99,43.75,TRADE
QLD1,2020/06/24 07:30:00,7314.97,68.55,TRADE
QLD1,2020/06/24 08:00:00,7189.56,32.49,TRADE
QLD1,2020/06/24 08:30:00,6787.06,27.14,TRADE
QLD1,2020/06/24 09:00:00,6348.6,23.56,TRADE
QLD1,2020/06/24 09:30:00,6070.29,10.51,TRADE
QLD1,2020/06/24 10:00:00,5723.3,9.67,TRADE
QLD1,2020/06/24 10:30:00,5430.74,1.33,TRADE
QLD1,2020/06/24 11:00:00,5257.08,-21.02,TRADE
QLD1,2020/06/24 11:30:00,5096.87,-33.25,TRADE
QLD1,2020/06/24 12:00:00,5013.97,-47.77,TRADE
QLD1,2020/06/24 12:30:00,4993.25,-23.38,TRADE
QLD1,2020/06/24 13:00:00,4962.93,-6.86,TRADE
QLD1,2020/06/24 13:30:00,4985.39,-4.60,TRADE
QLD1,2020/06/24 14:00:00,5126.09,2.02,TRADE
QLD1,2020/06/24 14:30:00,5314.43,-4.91,TRADE
QLD1,2020/06/24 15:00:00,5481.71,11.17,TRADE
QLD1,2020/06/24 15:30:00,5726.1,10.76,TRADE
QLD1,2020/06/24 16:00:00,6065.68,25.98,TRADE
QLD1,2020/06/24 16:30:00,6419.74,28.77,TRADE
QLD1,2020/06/24 17:00:00,6835.16,30.65,TRADE
QLD1,2020/06/24 17:30:00,7278.6,50.40,TRADE
QLD1,2020/06/24 18:00:00,7663.06,160.23,TRADE
QLD1,2020/06/24 18:30:00,7740.7,64.69,TRADE
QLD1,2020/06/24 19:00:00,7782.9,51.10,TRADE
QLD1,2020/06/24 19:30:00,7658.86,47.08,TRADE
QLD1,2020/06/24 20:00:00,7570.74,39.99,TRADE
QLD1,2020/06/24 20:30:00,7456.57,42.58,TRADE
QLD1,2020/06/24 21:00:00,7249.37,40.38,TRADE
QLD1,2020/06/24 21:30:00,7001.73,35.79,TRADE
QLD1,2020/06/24 22:00:00,6697.13,33.13,TRADE
QLD1,2020/06/24 22:30:00,6546.09,34.74,TRADE
QLD1,2020/06/24 23:00:00,6290.31,31.20,TRADE
QLD1,2020/06/24 23:30:00,6042.37,30.40,TRADE
QLD1,2020/06/25 00:00:00,5745.13,30.58,TRADE
QLD1,2020/06/25 00:30:00,5572.87,31.98,TRADE
QLD1,2020/06/25 01:00:00,5445.88,29.40,TRADE
QLD1,2020/06/25 01:30:00,5353.08,27.99,TRADE
QLD1,2020/06/25 02:00:00,5291.18,28.15,TRADE
QLD1,2020/06/25 02:30:00,5222.78,26.89,TRADE
QLD1,2020/06/25 03:00:00,5215.77,25.61,TRADE
QLD1,2020/06/25 03:30:00,5202.17,23.65,TRADE
QLD1,2020/06/25 04:00:00,5252.48,25.98,TRADE
QLD1,2020/06/25 04:30:00,5330.08,27.26,TRADE
QLD1,2020/06/25 05:00:00,5465.76,28.97,TRADE
QLD1,2020/06/25 05:30:00,5751.66,34.71,TRADE
QLD1,2020/06/25 06:00:00,6061.68,30.97,TRADE
QLD1,2020/06/25 06:30:00,6525,34.93,TRADE
QLD1,2020/06/25 07:00:00,7019.57,619.83,TRADE
QLD1,2020/06/25 07:30:00,7302.54,47.10,TRADE
QLD1,2020/06/25 08:00:00,7265.14,35.80,TRADE
QLD1,2020/06/25 08:30:00,6840.7,29.09,TRADE
QLD1,2020/06/25 09:00:00,6389.9,24.73,TRADE
QLD1,2020/06/25 09:30:00,6041.19,3.04,TRADE
QLD1,2020/06/25 10:00:00,5702.77,15.68,TRADE
QLD1,2020/06/25 10:30:00,5395.72,0.08,TRADE
QLD1,2020/06/25 11:00:00,5180.61,2.70,TRADE
QLD1,2020/06/25 11:30:00,5021.24,-11.16,TRADE
QLD1,2020/06/25 12:00:00,4929,-32.80,TRADE
QLD1,2020/06/25 12:30:00,4921.19,-6.09,TRADE
QLD1,2020/06/25 13:00:00,4909.1,-0.62,TRADE
QLD1,2020/06/25 13:30:00,4994.46,2.09,TRADE
QLD1,2020/06/25 14:00:00,5087.8,1.92,TRADE
QLD1,2020/06/25 14:30:00,5247.23,12.25,TRADE
QLD1,2020/06/25 15:00:00,5423.52,21.03,TRADE
QLD1,2020/06/25 15:30:00,5659.77,12.94,TRADE
QLD1,2020/06/25 16:00:00,5917.96,28.19,TRADE
QLD1,2020/06/25 16:30:00,6236.42,24.09,TRADE
QLD1,2020/06/25 17:00:00,6660.55,32.20,TRADE
QLD1,2020/06/25 17:30:00,7124.49,39.90,TRADE
QLD1,2020/06/25 18:00:00,7489.43,56.58,TRADE
QLD1,2020/06/25 18:30:00,7595.42,91.77,TRADE
QLD1,2020/06/25 19:00:00,7693.17,45.02,TRADE
QLD1,2020/06/25 19:30:00,7551.3,41.20,TRADE
QLD1,2020/06/25 20:00:00,7492.89,41.31,TRADE
QLD1,2020/06/25 20:30:00,7419.3,38.46,TRADE
QLD1,2020/06/25 21:00:00,7233.33,38.18,TRADE
QLD1,2020/06/25 21:30:00,7000.7,40.39,TRADE
QLD1,2020/06/25 22:00:00,6713.58,35.44,TRADE
QLD1,2020/06/25 22:30:00,6520.24,36.81,TRADE
QLD1,2020/06/25 23:00:00,6307.54,34.89,TRADE
QLD1,2020/06/25 23:30:00,6053.77,34.37,TRADE
QLD1,2020/06/26 00:00:00,5804.57,32.90,TRADE
QLD1,2020/06/26 00:30:00,5655.95,36.02,TRADE
QLD1,2020/06/26 01:00:00,5472.05,32.65,TRADE
QLD1,2020/06/26 01:30:00,5338.45,30.87,TRADE
QLD1,2020/06/26 02:00:00,5276.32,29.61,TRADE
QLD1,2020/06/26 02:30:00,5246.66,29.20,TRADE
QLD1,2020/06/26 03:00:00,5263.53,29.21,TRADE
QLD1,2020/06/26 03:30:00,5269.12,29.77,TRADE
QLD1,2020/06/26 04:00:00,5254.39,29.82,TRADE
QLD1,2020/06/26 04:30:00,5361.87,31.30,TRADE
QLD1,2020/06/26 05:00:00,5452.65,32.27,TRADE
QLD1,2020/06/26 05:30:00,5742.94,36.21,TRADE
QLD1,2020/06/26 06:00:00,6022.01,39.71,TRADE
QLD1,2020/06/26 06:30:00,6500,49,TRADE
QLD1,2020/06/26 07:00:00,6932.64,66.94,TRADE
QLD1,2020/06/26 07:30:00,7271.22,146.30,TRADE
QLD1,2020/06/26 08:00:00,7203.83,74.19,TRADE
QLD1,2020/06/26 08:30:00,6935.6,35.59,TRADE
QLD1,2020/06/26 09:00:00,6540.25,31.79,TRADE
QLD1,2020/06/26 09:30:00,6185.46,31.85,TRADE
QLD1,2020/06/26 10:00:00,5848.33,21.32,TRADE
QLD1,2020/06/26 10:30:00,5610.78,11.98,TRADE
QLD1,2020/06/26 11:00:00,5419.77,4.90,TRADE
QLD1,2020/06/26 11:30:00,5230.61,-2.04,TRADE
QLD1,2020/06/26 12:00:00,5139.03,-1.03,TRADE
QLD1,2020/06/26 12:30:00,5101.47,0.79,TRADE
QLD1,2020/06/26 13:00:00,5092.38,0.63,TRADE
QLD1,2020/06/26 13:30:00,5112.29,0.55,TRADE
QLD1,2020/06/26 14:00:00,5191.78,2.48,TRADE
QLD1,2020/06/26 14:30:00,5324.7,10.39,TRADE
QLD1,2020/06/26 15:00:00,5491.09,21.03,TRADE
QLD1,2020/06/26 15:30:00,5696.44,18.20,TRADE
QLD1,2020/06/26 16:00:00,6031.25,19.65,TRADE
QLD1,2020/06/26 16:30:00,6290.66,27.19,TRADE
QLD1,2020/06/26 17:00:00,6626.92,37.82,TRADE
QLD1,2020/06/26 17:30:00,6972.34,43.64,TRADE
QLD1,2020/06/26 18:00:00,7244.37,98.23,TRADE
QLD1,2020/06/26 18:30:00,7288.34,46.22,TRADE
QLD1,2020/06/26 19:00:00,7280.58,46.37,TRADE
QLD1,2020/06/26 19:30:00,7154.09,40.82,TRADE
QLD1,2020/06/26 20:00:00,7109.89,40.52,TRADE
QLD1,2020/06/26 20:30:00,7023.32,37.79,TRADE
QLD1,2020/06/26 21:00:00,6861.38,43.51,TRADE
QLD1,2020/06/26 21:30:00,6684.06,37.80,TRADE
QLD1,2020/06/26 22:00:00,6475.44,36.49,TRADE
QLD1,2020/06/26 22:30:00,6386.14,37.27,TRADE
QLD1,2020/06/26 23:00:00,6227.38,36.75,TRADE
QLD1,2020/06/26 23:30:00,5979.69,36.78,TRADE
QLD1,2020/06/27 00:00:00,5745.66,35.78,TRADE
QLD1,2020/06/27 00:30:00,5609.5,37.31,TRADE
QLD1,2020/06/27 01:00:00,5403.8,36.24,TRADE
QLD1,2020/06/27 01:30:00,5297.43,34.13,TRADE
QLD1,2020/06/27 02:00:00,5229.23,33.32,TRADE
QLD1,2020/06/27 02:30:00,5138.75,32.63,TRADE
QLD1,2020/06/27 03:00:00,5127.09,32.25,TRADE
QLD1,2020/06/27 03:30:00,5118.69,30.50,TRADE
QLD1,2020/06/27 04:00:00,5129.24,29.85,TRADE
QLD1,2020/06/27 04:30:00,5157.9,31.27,TRADE
QLD1,2020/06/27 05:00:00,5217.25,31.83,TRADE
QLD1,2020/06/27 05:30:00,5297.89,34.42,TRADE
QLD1,2020/06/27 06:00:00,5416.72,29.57,TRADE
QLD1,2020/06/27 06:30:00,5617.73,30.98,TRADE
QLD1,2020/06/27 07:00:00,5813.85,28.76,TRADE
QLD1,2020/06/27 07:30:00,6004.02,34.05,TRADE
QLD1,2020/06/27 08:00:00,6017.26,28.49,TRADE
QLD1,2020/06/27 08:30:00,5914.82,26.39,TRADE
QLD1,2020/06/27 09:00:00,5735.17,18.75,TRADE
QLD1,2020/06/27 09:30:00,5463.01,11.24,TRADE
QLD1,2020/06/27 10:00:00,5223.28,1.83,TRADE
QLD1,2020/06/27 10:30:00,4996.67,-7.17,TRADE
QLD1,2020/06/27 11:00:00,4745.24,-1.55,TRADE
QLD1,2020/06/27 11:30:00,4625.87,-5.91,TRADE
QLD1,2020/06/27 12:00:00,4578.99,-5.71,TRADE
QLD1,2020/06/27 12:30:00,4573.17,-12.12,TRADE
QLD1,2020/06/27 13:00:00,4549.28,-11.29,TRADE
QLD1,2020/06/27 13:30:00,4582.02,-3.63,TRADE
QLD1,2020/06/27 14:00:00,4656.71,7.22,TRADE
QLD1,2020/06/27 14:30:00,4797.56,18.66,TRADE
QLD1,2020/06/27 15:00:00,5019.52,22.28,TRADE
QLD1,2020/06/27 15:30:00,5274.78,27.64,TRADE
QLD1,2020/06/27 16:00:00,5544.47,22.92,TRADE
QLD1,2020/06/27 16:30:00,5886.92,31.31,TRADE
QLD1,2020/06/27 17:00:00,6243.79,36.08,TRADE
QLD1,2020/06/27 17:30:00,6577.5,37.65,TRADE
QLD1,2020/06/27 18:00:00,6826.25,87.15,TRADE
QLD1,2020/06/27 18:30:00,6809.79,47.91,TRADE
QLD1,2020/06/27 19:00:00,6784.99,39.40,TRADE
QLD1,2020/06/27 19:30:00,6680.4,36.44,TRADE
QLD1,2020/06/27 20:00:00,6592.41,33.60,TRADE
QLD1,2020/06/27 20:30:00,6547.36,35.32,TRADE
QLD1,2020/06/27 21:00:00,6423.12,37.58,TRADE
QLD1,2020/06/27 21:30:00,6269.59,34.59,TRADE
QLD1,2020/06/27 22:00:00,6151.37,33.43,TRADE
QLD1,2020/06/27 22:30:00,6056.73,35.70,TRADE
QLD1,2020/06/27 23:00:00,5929.18,32.92,TRADE
QLD1,2020/06/27 23:30:00,5730.47,32.62,TRADE
QLD1,2020/06/28 00:00:00,5551.73,32.24,TRADE
QLD1,2020/06/28 00:30:00,5414.06,33.18,TRADE
QLD1,2020/06/28 01:00:00,5241.72,32.52,TRADE
QLD1,2020/06/28 01:30:00,5141.37,30.78,TRADE
QLD1,2020/06/28 02:00:00,5048.32,29.49,TRADE
QLD1,2020/06/28 02:30:00,4981.51,30.05,TRADE
QLD1,2020/06/28 03:00:00,4965.7,29.08,TRADE
QLD1,2020/06/28 03:30:00,4985.8,29.22,TRADE
QLD1,2020/06/28 04:00:00,4981.64,27.32,TRADE
QLD1,2020/06/28 04:30:00,4980.27,27.36,TRADE
QLD1,2020/06/28 05:00:00,5026.91,27.47,TRADE
QLD1,2020/06/28 05:30:00,5061.11,28.14,TRADE
QLD1,2020/06/28 06:00:00,5124.55,26.27,TRADE
QLD1,2020/06/28 06:30:00,5241.84,27.89,TRADE
QLD1,2020/06/28 07:00:00,5385.9,15.65,TRADE
QLD1,2020/06/28 07:30:00,5561.5,25.70,TRADE
QLD1,2020/06/28 08:00:00,5692.09,25.97,TRADE
QLD1,2020/06/28 08:30:00,5766.4,25.38,TRADE
QLD1,2020/06/28 09:00:00,5821.99,26.17,TRADE
QLD1,2020/06/28 09:30:00,5864.69,27.88,TRADE
QLD1,2020/06/28 10:00:00,5795.71,23.27,TRADE
QLD1,2020/06/28 10:30:00,5773.56,20.03,TRADE
QLD1,2020/06/28 11:00:00,5654.36,14.19,TRADE
QLD1,2020/06/28 11:30:00,5596.28,23.97,TRADE
QLD1,2020/06/28 12:00:00,5549.96,19.73,TRADE
QLD1,2020/06/28 12:30:00,5515.5,20.12,TRADE
QLD1,2020/06/28 13:00:00,5540.02,24.20,TRADE
QLD1,2020/06/28 13:30:00,5506.9,24.65,TRADE
QLD1,2020/06/28 14:00:00,5521.72,23.86,TRADE
QLD1,2020/06/28 14:30:00,5631.35,25.49,TRADE
QLD1,2020/06/28 15:00:00,5693.23,25.06,TRADE
QLD1,2020/06/28 15:30:00,5837.38,24.25,TRADE
QLD1,2020/06/28 16:00:00,6031.26,24.66,TRADE
QLD1,2020/06/28 16:30:00,6314.86,27.36,TRADE
QLD1,2020/06/28 17:00:00,6631.02,32.05,TRADE
QLD1,2020/06/28 17:30:00,6969.45,87.44,TRADE
QLD1,2020/06/28 18:00:00,7200.82,107.27,TRADE
QLD1,2020/06/28 18:30:00,7241.06,123.40,TRADE
QLD1,2020/06/28 19:00:00,7202.9,61.46,TRADE
QLD1,2020/06/28 19:30:00,7027.24,41.15,TRADE
QLD1,2020/06/28 20:00:00,6916.1,37.59,TRADE
QLD1,2020/06/28 20:30:00,6805.51,35.59,TRADE
QLD1,2020/06/28 21:00:00,6635.65,35,TRADE
QLD1,2020/06/28 21:30:00,6492.71,35.47,TRADE
QLD1,2020/06/28 22:00:00,6274.88,32.71,TRADE
QLD1,2020/06/28 22:30:00,6167.88,34.70,TRADE
QLD1,2020/06/28 23:00:00,6009.4,30.32,TRADE
QLD1,2020/06/28 23:30:00,5780.2,28.49,TRADE
QLD1,2020/06/29 00:00:00,5605.23,27.50,TRADE
QLD1,2020/06/29 00:30:00,5438.14,29.24,TRADE
QLD1,2020/06/29 01:00:00,5296.29,28.81,TRADE
QLD1,2020/06/29 01:30:00,5185.86,28.57,TRADE
QLD1,2020/06/29 02:00:00,5122.13,27.41,TRADE
QLD1,2020/06/29 02:30:00,5079.49,24.81,TRADE
QLD1,2020/06/29 03:00:00,5045.83,12.31,TRADE
QLD1,2020/06/29 03:30:00,5063.64,15.38,TRADE
QLD1,2020/06/29 04:00:00,5048.34,9.61,TRADE
QLD1,2020/06/29 04:30:00,5156.8,13.28,TRADE
QLD1,2020/06/29 05:00:00,5276.54,20.68,TRADE
QLD1,2020/06/29 05:30:00,5507.91,29.63,TRADE
QLD1,2020/06/29 06:00:00,5729.57,31.75,TRADE
QLD1,2020/06/29 06:30:00,6090.39,42.16,TRADE
QLD1,2020/06/29 07:00:00,6394.21,51.45,TRADE
QLD1,2020/06/29 07:30:00,6648.18,55.77,TRADE
QLD1,2020/06/29 08:00:00,6570.98,45.24,TRADE
QLD1,2020/06/29 08:30:00,6435.29,36.44,TRADE
QLD1,2020/06/29 09:00:00,6192.39,29.62,TRADE
QLD1,2020/06/29 09:30:00,5971.59,28.34,TRADE
QLD1,2020/06/29 10:00:00,5686.28,17.88,TRADE
QLD1,2020/06/29 10:30:00,5483.16,14.08,TRADE
QLD1,2020/06/29 11:00:00,5292.4,12.08,TRADE
QLD1,2020/06/29 11:30:00,5126.8,15.37,TRADE
QLD1,2020/06/29 12:00:00,5082.24,14.18,TRADE
QLD1,2020/06/29 12:30:00,5038.62,8.60,TRADE
QLD1,2020/06/29 13:00:00,5091.18,13.58,TRADE
QLD1,2020/06/29 13:30:00,5169.54,18.75,TRADE
QLD1,2020/06/29 14:00:00,5322.66,20.12,TRADE
QLD1,2020/06/29 14:30:00,5502.24,6.20,TRADE
QLD1,2020/06/29 15:00:00,5673.65,23.02,TRADE
QLD1,2020/06/29 15:30:00,5812.36,24.26,TRADE
QLD1,2020/06/29 16:00:00,6038.39,27.33,TRADE
QLD1,2020/06/29 16:30:00,6392.66,27.23,TRADE
QLD1,2020/06/29 17:00:00,6810.59,38.22,TRADE
QLD1,2020/06/29 17:30:00,7242.66,45.77,TRADE
QLD1,2020/06/29 18:00:00,7483.23,85.13,TRADE
QLD1,2020/06/29 18:30:00,7457.95,48.80,TRADE
QLD1,2020/06/29 19:00:00,7480.13,43.05,TRADE
QLD1,2020/06/29 19:30:00,7338.3,36.69,TRADE
QLD1,2020/06/29 20:00:00,7247.11,37.41,TRADE
QLD1,2020/06/29 20:30:00,7093.27,36.87,TRADE
QLD1,2020/06/29 21:00:00,6881.55,36.12,TRADE
QLD1,2020/06/29 21:30:00,6685,35.98,TRADE
QLD1,2020/06/29 22:00:00,6507.88,31.89,TRADE
QLD1,2020/06/29 22:30:00,6324.31,35.46,TRADE
QLD1,2020/06/29 23:00:00,6145.7,30.35,TRADE
QLD1,2020/06/29 23:30:00,5915.99,29.41,TRADE
QLD1,2020/06/30 00:00:00,5720.09,29.30,TRADE
QLD1,2020/06/30 00:30:00,5546.63,28.05,TRADE
QLD1,2020/06/30 01:00:00,5390.34,28.68,TRADE
QLD1,2020/06/30 01:30:00,5287.69,27.76,TRADE
QLD1,2020/06/30 02:00:00,5208.29,25.68,TRADE
QLD1,2020/06/30 02:30:00,5159.71,20.76,TRADE
QLD1,2020/06/30 03:00:00,5150.47,15.71,TRADE
QLD1,2020/06/30 03:30:00,5105.38,11.36,TRADE
QLD1,2020/06/30 04:00:00,5098.84,5.39,TRADE
QLD1,2020/06/30 04:30:00,5170.32,3.32,TRADE
QLD1,2020/06/30 05:00:00,5333.77,19.94,TRADE
QLD1,2020/06/30 05:30:00,5557.01,30.21,TRADE
QLD1,2020/06/30 06:00:00,5771.64,30.01,TRADE
QLD1,2020/06/30 06:30:00,6172,37.13,TRADE
QLD1,2020/06/30 07:00:00,6416.62,38.81,TRADE
QLD1,2020/06/30 07:30:00,6753.72,69.64,TRADE
QLD1,2020/06/30 08:00:00,6698.49,39.01,TRADE
QLD1,2020/06/30 08:30:00,6611.92,38.21,TRADE
QLD1,2020/06/30 09:00:00,6376.6,34.78,TRADE
QLD1,2020/06/30 09:30:00,6064.46,31.24,TRADE
QLD1,2020/06/30 10:00:00,5794.22,22.65,TRADE
QLD1,2020/06/30 10:30:00,5562.03,13.69,TRADE
QLD1,2020/06/30 11:00:00,5410.49,13.12,TRADE
QLD1,2020/06/30 11:30:00,5292.91,20.60,TRADE
QLD1,2020/06/30 12:00:00,5297.03,25.07,TRADE
QLD1,2020/06/30 12:30:00,5399.15,26.91,TRADE
QLD1,2020/06/30 13:00:00,5189.61,-2.21,TRADE
QLD1,2020/06/30 13:30:00,5111.25,20.80,TRADE
QLD1,2020/06/30 14:00:00,5378.46,27.90,TRADE
QLD1,2020/06/30 14:30:00,5306.98,10.73,TRADE
QLD1,2020/06/30 15:00:00,5661.82,31.28,TRADE
QLD1,2020/06/30 15:30:00,6037.93,36.69,TRADE
QLD1,2020/06/30 16:00:00,6203.55,37.12,TRADE
QLD1,2020/06/30 16:30:00,6432.35,34.43,TRADE
QLD1,2020/06/30 17:00:00,6800.74,40.36,TRADE
QLD1,2020/06/30 17:30:00,7144.97,42.69,TRADE
QLD1,2020/06/30 18:00:00,7400.31,56.38,TRADE
QLD1,2020/06/30 18:30:00,7420.91,48.32,TRADE
QLD1,2020/06/30 19:00:00,7433.29,43.69,TRADE
QLD1,2020/06/30 19:30:00,7253.63,39.27,TRADE
QLD1,2020/06/30 20:00:00,7176.8,37.66,TRADE
QLD1,2020/06/30 20:30:00,7020.85,37.21,TRADE
QLD1,2020/06/30 21:00:00,6832.67,36.26,TRADE
QLD1,2020/06/30 21:30:00,6660.85,36.48,TRADE
QLD1,2020/06/30 22:00:00,6426.68,33.25,TRADE
QLD1,2020/06/30 22:30:00,6285.06,35.88,TRADE
QLD1,2020/06/30 23:00:00,6091.22,31.72,TRADE
QLD1,2020/06/30 23:30:00,5856.16,33.20,TRADE
QLD1,2020/07/01 00:00:00,5670.44,31.62,TRADE
